Time,Gaze Origin,Gaze Direction,Fixation Point,Confidence Value,ClickPoint,
2023.10.14-15.48.32.550,X=420763.485 Y=368728.721 Z=2401.593,X=0.141 Y=-0.759 Z=0.635,X=0.000 Y=0.000 Z=0.000,1.0,X=420922.746 Y=367818.362 Z=3106.941,
2023.10.14-15.48.32.599,X=420762.947 Y=368729.277 Z=2401.721,X=0.127 Y=-0.756 Z=0.642,X=0.000 Y=0.000 Z=0.000,1.0,X=420907.244 Y=367820.379 Z=3115.588,
2023.10.14-15.48.32.652,X=420762.135 Y=368729.863 Z=2401.960,X=0.102 Y=-0.746 Z=0.658,X=0.000 Y=0.000 Z=0.000,1.0,X=420880.142 Y=367825.689 Z=3138.346,
2023.10.14-15.48.32.699,X=420761.436 Y=368730.129 Z=2402.066,X=0.082 Y=-0.742 Z=0.666,X=0.000 Y=0.000 Z=0.000,1.0,X=420858.025 Y=367828.258 Z=3149.361,
2023.10.14-15.48.32.751,X=420760.036 Y=368730.614 Z=2402.333,X=0.060 Y=-0.736 Z=0.674,X=0.000 Y=0.000 Z=0.000,1.0,X=420832.897 Y=367831.205 Z=3161.994,
2023.10.14-15.48.32.801,X=420758.724 Y=368731.190 Z=2402.460,X=0.046 Y=-0.736 Z=0.675,X=0.000 Y=0.000 Z=0.000,1.0,X=420816.167 Y=367832.157 Z=3166.074,
2023.10.14-15.48.32.853,X=420756.698 Y=368734.989 Z=2402.386,X=0.038 Y=-0.737 Z=0.675,X=0.000 Y=0.000 Z=0.000,1.0,X=420805.342 Y=367833.500 Z=3171.828,
2023.10.14-15.48.32.903,X=420752.997 Y=368743.804 Z=2402.413,X=0.026 Y=-0.738 Z=0.674,X=0.000 Y=0.000 Z=0.000,1.0,X=420788.384 Y=367835.402 Z=3179.984,
2023.10.14-15.48.32.953,X=420747.273 Y=368757.407 Z=2402.396,X=0.013 Y=-0.742 Z=0.671,X=0.000 Y=0.000 Z=0.000,1.0,X=420767.176 Y=367837.378 Z=3188.453,
2023.10.14-15.48.33.003,X=420739.724 Y=368776.763 Z=2402.425,X=-0.019 Y=-0.742 Z=0.670,X=0.000 Y=0.000 Z=0.000,1.0,X=420720.946 Y=367841.101 Z=3204.412,
2023.10.14-15.48.33.053,X=420731.406 Y=368799.990 Z=2402.410,X=-0.035 Y=-0.740 Z=0.671,X=0.000 Y=0.000 Z=0.000,1.0,X=420691.987 Y=367846.650 Z=3228.196,
2023.10.14-15.48.33.101,X=420722.428 Y=368827.950 Z=2402.483,X=-0.033 Y=-0.740 Z=0.671,X=0.000 Y=0.000 Z=0.000,1.0,X=420686.296 Y=367851.670 Z=3249.715,
2023.10.14-15.48.33.151,X=420713.740 Y=368856.542 Z=2402.569,X=-0.039 Y=-0.739 Z=0.672,X=0.000 Y=0.000 Z=0.000,1.0,X=420669.222 Y=367857.054 Z=3272.793,
2023.10.14-15.48.33.198,X=420705.834 Y=368884.543 Z=2402.581,X=-0.036 Y=-0.734 Z=0.678,X=0.000 Y=0.000 Z=0.000,1.0,X=420665.580 Y=367864.398 Z=3304.273,
2023.10.14-15.48.33.246,X=420698.352 Y=368912.207 Z=2402.656,X=-0.061 Y=-0.744 Z=0.666,X=0.000 Y=0.000 Z=0.000,1.0,X=420623.712 Y=367863.876 Z=3302.033,
2023.10.14-15.48.33.294,X=420691.499 Y=368939.003 Z=2402.688,X=-0.084 Y=-0.748 Z=0.658,X=0.000 Y=0.000 Z=0.000,1.0,X=420583.762 Y=367865.153 Z=3307.508,
2023.10.14-15.48.33.343,X=420685.291 Y=368965.036 Z=2402.778,X=-0.092 Y=-0.747 Z=0.658,X=0.000 Y=0.000 Z=0.000,1.0,X=420564.327 Y=367869.793 Z=3327.399,
2023.10.14-15.48.33.393,X=420679.479 Y=368991.062 Z=2402.825,X=-0.099 Y=-0.751 Z=0.652,X=0.000 Y=0.000 Z=0.000,1.0,X=420550.688 Y=367870.237 Z=3329.301,
2023.10.14-15.48.33.441,X=420676.262 Y=369007.711 Z=2402.814,X=-0.101 Y=-0.754 Z=0.649,X=0.000 Y=0.000 Z=0.000,1.0,X=420546.606 Y=367869.213 Z=3324.911,
2023.10.14-15.48.33.491,X=420675.803 Y=369009.864 Z=2402.821,X=-0.105 Y=-0.758 Z=0.643,X=0.000 Y=0.000 Z=0.000,1.0,X=420541.620 Y=367866.462 Z=3313.119,
2023.10.14-15.48.33.538,X=420675.840 Y=369009.755 Z=2402.794,X=-0.140 Y=-0.758 Z=0.637,X=0.000 Y=0.000 Z=0.000,1.0,X=420492.418 Y=367864.910 Z=3306.465,
2023.10.14-15.48.33.585,X=420675.821 Y=369009.700 Z=2402.785,X=-0.154 Y=-0.756 Z=0.636,X=0.000 Y=0.000 Z=0.000,1.0,X=420471.056 Y=367864.917 Z=3306.498,
2023.10.14-15.48.33.634,X=420675.746 Y=369009.594 Z=2402.719,X=-0.161 Y=-0.755 Z=0.636,X=0.000 Y=0.000 Z=0.000,1.0,X=420460.683 Y=367865.235 Z=3307.861,
2023.10.14-15.48.33.681,X=420675.580 Y=369009.520 Z=2402.666,X=-0.195 Y=-0.750 Z=0.632,X=0.000 Y=0.000 Z=0.000,1.0,X=420410.290 Y=367865.452 Z=3308.792,
2023.10.14-15.48.33.730,X=420675.382 Y=369009.445 Z=2402.679,X=-0.218 Y=-0.746 Z=0.629,X=0.000 Y=0.000 Z=0.000,1.0,X=420376.278 Y=367865.474 Z=3308.887,
2023.10.14-15.48.33.778,X=420675.151 Y=369009.380 Z=2402.656,X=-0.234 Y=-0.746 Z=0.623,X=0.000 Y=0.000 Z=0.000,1.0,X=420353.142 Y=367863.570 Z=3300.722,
2023.10.14-15.48.33.828,X=420674.971 Y=369009.354 Z=2402.674,X=-0.239 Y=-0.750 Z=0.617,X=0.000 Y=0.000 Z=0.000,1.0,X=420346.148 Y=367861.167 Z=3290.421,
2023.10.14-15.48.33.877,X=420674.800 Y=369009.387 Z=2402.664,X=-0.248 Y=-0.751 Z=0.612,X=0.000 Y=0.000 Z=0.000,1.0,X=420333.479 Y=367859.322 Z=3282.515,
2023.10.14-15.48.33.928,X=420674.633 Y=369009.469 Z=2402.688,X=-0.259 Y=-0.746 Z=0.613,X=0.000 Y=0.000 Z=0.000,1.0,X=420315.292 Y=367860.755 Z=3288.655,
2023.10.14-15.48.33.978,X=420674.449 Y=369009.592 Z=2402.682,X=-0.264 Y=-0.742 Z=0.616,X=0.000 Y=0.000 Z=0.000,1.0,X=420306.667 Y=367862.769 Z=3297.289,
2023.10.14-15.48.34.027,X=420674.228 Y=369009.762 Z=2402.670,X=-0.271 Y=-0.740 Z=0.615,X=0.000 Y=0.000 Z=0.000,1.0,X=420296.815 Y=367862.835 Z=3297.571,
2023.10.14-15.48.34.077,X=420674.040 Y=369009.929 Z=2402.662,X=-0.274 Y=-0.741 Z=0.613,X=0.000 Y=0.000 Z=0.000,1.0,X=420292.284 Y=367862.082 Z=3294.347,
2023.10.14-15.48.34.128,X=420673.907 Y=369010.141 Z=2402.689,X=-0.276 Y=-0.742 Z=0.611,X=0.000 Y=0.000 Z=0.000,1.0,X=420289.514 Y=367861.357 Z=3291.238,
2023.10.14-15.48.34.178,X=420673.705 Y=369010.433 Z=2402.726,X=-0.278 Y=-0.737 Z=0.616,X=0.000 Y=0.000 Z=0.000,1.0,X=420284.886 Y=367863.792 Z=3301.675,
2023.10.14-15.48.34.228,X=420673.581 Y=369010.603 Z=2402.742,X=-0.278 Y=-0.736 Z=0.617,X=0.000 Y=0.000 Z=0.000,1.0,X=420283.438 Y=367864.465 Z=3304.558,
2023.10.14-15.48.34.278,X=420673.448 Y=369010.770 Z=2402.770,X=-0.278 Y=-0.736 Z=0.617,X=0.000 Y=0.000 Z=0.000,1.0,X=420284.516 Y=367864.445 Z=3303.443,
2023.10.14-15.48.34.328,X=420673.367 Y=369010.848 Z=2402.772,X=-0.276 Y=-0.737 Z=0.617,X=0.000 Y=0.000 Z=0.000,1.0,X=420286.921 Y=367864.247 Z=3303.627,
2023.10.14-15.48.34.375,X=420673.296 Y=369010.898 Z=2402.775,X=-0.274 Y=-0.739 Z=0.615,X=0.000 Y=0.000 Z=0.000,1.0,X=420291.014 Y=367863.088 Z=3298.655,
2023.10.14-15.48.34.420,X=420673.261 Y=369010.948 Z=2402.793,X=-0.270 Y=-0.741 Z=0.615,X=0.000 Y=0.000 Z=0.000,1.0,X=420297.055 Y=367862.683 Z=3296.922,
2023.10.14-15.48.34.469,X=420673.218 Y=369010.991 Z=2402.804,X=-0.266 Y=-0.742 Z=0.615,X=0.000 Y=0.000 Z=0.000,1.0,X=420304.270 Y=367862.423 Z=3295.807,
2023.10.14-15.48.34.519,X=420673.168 Y=369011.068 Z=2402.817,X=-0.260 Y=-0.743 Z=0.616,X=0.000 Y=0.000 Z=0.000,1.0,X=420313.716 Y=367862.356 Z=3295.519,
2023.10.14-15.48.34.569,X=420673.109 Y=369011.153 Z=2402.829,X=-0.258 Y=-0.744 Z=0.617,X=0.000 Y=0.000 Z=0.000,1.0,X=420316.325 Y=367862.501 Z=3296.139,
2023.10.14-15.48.34.619,X=420673.074 Y=369011.253 Z=2402.837,X=-0.254 Y=-0.743 Z=0.619,X=0.000 Y=0.000 Z=0.000,1.0,X=420322.136 Y=367863.352 Z=3299.788,
2023.10.14-15.48.34.669,X=420673.016 Y=369011.350 Z=2402.841,X=-0.253 Y=-0.740 Z=0.623,X=0.000 Y=0.000 Z=0.000,1.0,X=420323.173 Y=367865.049 Z=3307.062,
2023.10.14-15.48.34.718,X=420672.964 Y=369011.470 Z=2402.851,X=-0.252 Y=-0.740 Z=0.624,X=0.000 Y=0.000 Z=0.000,1.0,X=420324.813 Y=367865.484 Z=3308.928,
2023.10.14-15.48.34.767,X=420672.907 Y=369011.555 Z=2402.852,X=-0.251 Y=-0.737 Z=0.628,X=0.000 Y=0.000 Z=0.000,1.0,X=420325.510 Y=367867.243 Z=3316.466,
2023.10.14-15.48.34.816,X=420672.852 Y=369011.639 Z=2402.799,X=-0.250 Y=-0.737 Z=0.628,X=0.000 Y=0.000 Z=0.000,1.0,X=420326.843 Y=367868.060 Z=3316.204,
2023.10.14-15.48.34.866,X=420672.795 Y=369011.731 Z=2402.802,X=-0.250 Y=-0.736 Z=0.629,X=0.000 Y=0.000 Z=0.000,1.0,X=420326.203 Y=367867.875 Z=3319.176,
2023.10.14-15.48.34.916,X=420672.748 Y=369011.823 Z=2402.812,X=-0.250 Y=-0.735 Z=0.630,X=0.000 Y=0.000 Z=0.000,1.0,X=420325.669 Y=367868.443 Z=3321.614,
2023.10.14-15.48.34.961,X=420672.695 Y=369011.907 Z=2402.818,X=-0.250 Y=-0.733 Z=0.633,X=0.000 Y=0.000 Z=0.000,1.0,X=420325.488 Y=367869.540 Z=3326.312,
2023.10.14-15.48.35.009,X=420672.638 Y=369011.975 Z=2402.821,X=-0.251 Y=-0.731 Z=0.634,X=0.000 Y=0.000 Z=0.000,1.0,X=420323.000 Y=367870.530 Z=3330.558,
2023.10.14-15.48.35.050,X=420672.592 Y=369012.010 Z=2402.829,X=-0.252 Y=-0.727 Z=0.638,X=0.000 Y=0.000 Z=0.000,1.0,X=420320.817 Y=367872.571 Z=3339.305,
2023.10.14-15.48.35.099,X=420672.555 Y=369012.034 Z=2402.840,X=-0.252 Y=-0.727 Z=0.638,X=0.000 Y=0.000 Z=0.000,1.0,X=420321.451 Y=367873.597 Z=3338.389,
2023.10.14-15.48.35.148,X=420672.544 Y=369012.045 Z=2402.838,X=-0.250 Y=-0.727 Z=0.639,X=0.000 Y=0.000 Z=0.000,1.0,X=420323.760 Y=367872.783 Z=3340.215,
2023.10.14-15.48.35.193,X=420672.536 Y=369012.047 Z=2402.834,X=-0.249 Y=-0.727 Z=0.639,X=0.000 Y=0.000 Z=0.000,1.0,X=420324.897 Y=367873.774 Z=3339.797,
2023.10.14-15.48.35.241,X=420672.541 Y=369012.042 Z=2402.837,X=-0.248 Y=-0.727 Z=0.641,X=0.000 Y=0.000 Z=0.000,1.0,X=420326.643 Y=367873.489 Z=3343.240,
2023.10.14-15.48.35.287,X=420672.550 Y=369012.037 Z=2402.838,X=-0.249 Y=-0.727 Z=0.640,X=0.000 Y=0.000 Z=0.000,1.0,X=420325.562 Y=367873.571 Z=3342.128,
2023.10.14-15.48.35.336,X=420672.568 Y=369012.040 Z=2402.839,X=-0.249 Y=-0.726 Z=0.641,X=0.000 Y=0.000 Z=0.000,1.0,X=420324.366 Y=367873.631 Z=3343.849,
2023.10.14-15.48.35.387,X=420672.592 Y=369012.024 Z=2402.841,X=-0.246 Y=-0.725 Z=0.643,X=0.000 Y=0.000 Z=0.000,1.0,X=420328.657 Y=367874.519 Z=3347.654,
2023.10.14-15.48.35.428,X=420672.612 Y=369012.006 Z=2402.828,X=-0.245 Y=-0.724 Z=0.645,X=0.000 Y=0.000 Z=0.000,1.0,X=420330.150 Y=367875.142 Z=3350.326,
2023.10.14-15.48.35.470,X=420672.644 Y=369011.998 Z=2402.814,X=-0.243 Y=-0.725 Z=0.645,X=0.000 Y=0.000 Z=0.000,1.0,X=420332.828 Y=367875.025 Z=3349.824,
2023.10.14-15.48.35.514,X=420672.659 Y=369012.001 Z=2402.807,X=-0.258 Y=-0.749 Z=0.610,X=0.000 Y=0.000 Z=0.000,1.0,X=420318.150 Y=367859.318 Z=3282.496,
2023.10.14-15.48.35.563,X=420672.681 Y=369011.992 Z=2402.794,X=-0.263 Y=-0.768 Z=0.584,X=0.000 Y=0.000 Z=0.000,1.0,X=420317.024 Y=367847.782 Z=3233.050,
2023.10.14-15.48.35.612,X=420672.691 Y=369011.984 Z=2402.798,X=-0.263 Y=-0.774 Z=0.576,X=0.000 Y=0.000 Z=0.000,1.0,X=420317.414 Y=367844.253 Z=3217.922,
2023.10.14-15.48.35.661,X=420672.700 Y=369011.978 Z=2402.795,X=-0.262 Y=-0.757 Z=0.598,X=0.000 Y=0.000 Z=0.000,1.0,X=420314.961 Y=367854.094 Z=3260.105,
2023.10.14-15.48.35.709,X=420672.703 Y=369011.966 Z=2402.783,X=-0.260 Y=-0.736 Z=0.625,X=0.000 Y=0.000 Z=0.000,1.0,X=420311.345 Y=367866.809 Z=3314.608,
2023.10.14-15.48.35.759,X=420672.707 Y=369011.947 Z=2402.791,X=-0.258 Y=-0.725 Z=0.638,X=0.000 Y=0.000 Z=0.000,1.0,X=420311.294 Y=367873.045 Z=3341.339,
2023.10.14-15.48.35.809,X=420672.729 Y=369011.945 Z=2402.809,X=-0.256 Y=-0.719 Z=0.646,X=0.000 Y=0.000 Z=0.000,1.0,X=420312.046 Y=367876.671 Z=3356.880,
2023.10.14-15.48.35.859,X=420672.736 Y=369011.920 Z=2402.822,X=-0.257 Y=-0.716 Z=0.649,X=0.000 Y=0.000 Z=0.000,1.0,X=420309.693 Y=367878.473 Z=3364.606,
2023.10.14-15.48.35.905,X=420672.750 Y=369011.890 Z=2402.824,X=-0.256 Y=-0.710 Z=0.656,X=0.000 Y=0.000 Z=0.000,1.0,X=420308.724 Y=367882.203 Z=3380.592,
2023.10.14-15.48.35.955,X=420672.766 Y=369011.863 Z=2402.825,X=-0.259 Y=-0.710 Z=0.655,X=0.000 Y=0.000 Z=0.000,1.0,X=420304.404 Y=367881.978 Z=3379.630,
2023.10.14-15.48.36.005,X=420672.798 Y=369011.822 Z=2402.836,X=-0.260 Y=-0.711 Z=0.653,X=0.000 Y=0.000 Z=0.000,1.0,X=420303.006 Y=367880.739 Z=3374.317,
2023.10.14-15.48.36.055,X=420672.836 Y=369011.778 Z=2402.835,X=-0.261 Y=-0.713 Z=0.651,X=0.000 Y=0.000 Z=0.000,1.0,X=420302.307 Y=367879.977 Z=3371.054,
2023.10.14-15.48.36.106,X=420672.896 Y=369011.737 Z=2402.862,X=-0.262 Y=-0.714 Z=0.649,X=0.000 Y=0.000 Z=0.000,1.0,X=420301.549 Y=367878.941 Z=3366.610,
2023.10.14-15.48.36.151,X=420672.956 Y=369011.712 Z=2402.872,X=-0.263 Y=-0.714 Z=0.649,X=0.000 Y=0.000 Z=0.000,1.0,X=420300.684 Y=367879.991 Z=3365.911,
2023.10.14-15.48.36.202,X=420673.010 Y=369011.683 Z=2402.877,X=-0.264 Y=-0.714 Z=0.648,X=0.000 Y=0.000 Z=0.000,1.0,X=420298.867 Y=367878.807 Z=3366.036,
2023.10.14-15.48.36.247,X=420673.074 Y=369011.673 Z=2402.881,X=-0.263 Y=-0.713 Z=0.649,X=0.000 Y=0.000 Z=0.000,1.0,X=420298.919 Y=367879.235 Z=3367.869,
2023.10.14-15.48.36.295,X=420673.147 Y=369011.661 Z=2402.878,X=-0.262 Y=-0.712 Z=0.651,X=0.000 Y=0.000 Z=0.000,1.0,X=420300.878 Y=367880.012 Z=3371.200,
2023.10.14-15.48.36.343,X=420673.219 Y=369011.672 Z=2402.862,X=-0.261 Y=-0.713 Z=0.650,X=0.000 Y=0.000 Z=0.000,1.0,X=420301.784 Y=367879.596 Z=3369.416,
2023.10.14-15.48.36.393,X=420673.261 Y=369011.700 Z=2402.868,X=-0.261 Y=-0.736 Z=0.625,X=0.000 Y=0.000 Z=0.000,1.0,X=420309.235 Y=367866.787 Z=3314.511,
2023.10.14-15.48.36.442,X=420673.288 Y=369011.733 Z=2402.863,X=-0.264 Y=-0.744 Z=0.614,X=0.000 Y=0.000 Z=0.000,1.0,X=420307.279 Y=367861.785 Z=3293.070,
2023.10.14-15.48.36.491,X=420673.303 Y=369011.789 Z=2402.868,X=-0.267 Y=-0.747 Z=0.608,X=0.000 Y=0.000 Z=0.000,1.0,X=420304.871 Y=367859.269 Z=3282.287,
2023.10.14-15.48.36.542,X=420673.306 Y=369011.866 Z=2402.896,X=-0.269 Y=-0.749 Z=0.605,X=0.000 Y=0.000 Z=0.000,1.0,X=420301.482 Y=367858.020 Z=3276.933,
2023.10.14-15.48.36.593,X=420673.294 Y=369011.935 Z=2402.939,X=-0.273 Y=-0.749 Z=0.604,X=0.000 Y=0.000 Z=0.000,1.0,X=420296.186 Y=367857.712 Z=3275.615,
2023.10.14-15.48.36.643,X=420673.282 Y=369012.002 Z=2402.973,X=-0.276 Y=-0.749 Z=0.602,X=0.000 Y=0.000 Z=0.000,1.0,X=420291.619 Y=367857.168 Z=3273.282,
2023.10.14-15.48.36.688,X=420673.230 Y=369012.102 Z=2403.025,X=-0.278 Y=-0.747 Z=0.603,X=0.000 Y=0.000 Z=0.000,1.0,X=420288.269 Y=367857.860 Z=3276.247,
2023.10.14-15.48.36.739,X=420673.195 Y=369012.219 Z=2403.099,X=-0.279 Y=-0.745 Z=0.605,X=0.000 Y=0.000 Z=0.000,1.0,X=420285.203 Y=367858.856 Z=3280.517,
2023.10.14-15.48.36.787,X=420673.144 Y=369012.275 Z=2403.124,X=-0.282 Y=-0.743 Z=0.608,X=0.000 Y=0.000 Z=0.000,1.0,X=420280.534 Y=367860.180 Z=3286.193,
2023.10.14-15.48.36.830,X=420673.103 Y=369012.334 Z=2403.158,X=-0.284 Y=-0.742 Z=0.608,X=0.000 Y=0.000 Z=0.000,1.0,X=420277.443 Y=367860.515 Z=3287.628,
2023.10.14-15.48.36.877,X=420673.067 Y=369012.408 Z=2403.165,X=-0.283 Y=-0.741 Z=0.609,X=0.000 Y=0.000 Z=0.000,1.0,X=420277.910 Y=367861.079 Z=3290.046,
2023.10.14-15.48.36.928,X=420673.036 Y=369012.471 Z=2403.200,X=-0.286 Y=-0.743 Z=0.606,X=0.000 Y=0.000 Z=0.000,1.0,X=420274.927 Y=367859.614 Z=3283.764,
2023.10.14-15.48.36.975,X=420673.005 Y=369012.536 Z=2403.213,X=-0.285 Y=-0.746 Z=0.602,X=0.000 Y=0.000 Z=0.000,1.0,X=420277.635 Y=367857.942 Z=3276.599,
2023.10.14-15.48.37.024,X=420672.989 Y=369012.584 Z=2403.231,X=-0.283 Y=-0.750 Z=0.597,X=0.000 Y=0.000 Z=0.000,1.0,X=420280.813 Y=367855.386 Z=3265.645,
2023.10.14-15.48.37.071,X=420672.977 Y=369012.638 Z=2403.240,X=-0.282 Y=-0.752 Z=0.596,X=0.000 Y=0.000 Z=0.000,1.0,X=420283.339 Y=367854.786 Z=3263.073,
2023.10.14-15.48.37.116,X=420672.932 Y=369012.742 Z=2403.266,X=-0.283 Y=-0.754 Z=0.593,X=0.000 Y=0.000 Z=0.000,1.0,X=420282.674 Y=367853.560 Z=3257.814,
2023.10.14-15.48.37.162,X=420672.901 Y=369012.823 Z=2403.268,X=-0.283 Y=-0.752 Z=0.595,X=0.000 Y=0.000 Z=0.000,1.0,X=420281.853 Y=367854.277 Z=3260.890,
2023.10.14-15.48.37.213,X=420672.870 Y=369012.901 Z=2403.307,X=-0.282 Y=-0.752 Z=0.596,X=0.000 Y=0.000 Z=0.000,1.0,X=420283.292 Y=367854.802 Z=3263.141,
2023.10.14-15.48.37.260,X=420672.850 Y=369012.931 Z=2403.328,X=-0.278 Y=-0.752 Z=0.598,X=0.000 Y=0.000 Z=0.000,1.0,X=420288.758 Y=367855.325 Z=3265.381,
2023.10.14-15.48.37.307,X=420672.845 Y=369012.944 Z=2403.347,X=-0.278 Y=-0.756 Z=0.593,X=0.000 Y=0.000 Z=0.000,1.0,X=420290.487 Y=367853.144 Z=3256.035,
2023.10.14-15.48.37.351,X=420672.842 Y=369012.939 Z=2403.366,X=-0.274 Y=-0.756 Z=0.594,X=0.000 Y=0.000 Z=0.000,1.0,X=420297.084 Y=367853.182 Z=3256.194,
2023.10.14-15.48.37.402,X=420672.826 Y=369012.925 Z=2403.368,X=-0.271 Y=-0.760 Z=0.590,X=0.000 Y=0.000 Z=0.000,1.0,X=420302.157 Y=367851.182 Z=3247.622,
2023.10.14-15.48.37.451,X=420672.814 Y=369012.924 Z=2403.371,X=-0.271 Y=-0.763 Z=0.587,X=0.000 Y=0.000 Z=0.000,1.0,X=420303.862 Y=367849.653 Z=3241.069,
2023.10.14-15.48.37.498,X=420672.808 Y=369012.908 Z=2403.352,X=-0.271 Y=-0.766 Z=0.583,X=0.000 Y=0.000 Z=0.000,1.0,X=420303.926 Y=367848.019 Z=3234.063,
2023.10.14-15.48.37.549,X=420672.813 Y=369012.924 Z=2403.342,X=-0.276 Y=-0.773 Z=0.572,X=0.000 Y=0.000 Z=0.000,1.0,X=420299.342 Y=367843.426 Z=3214.378,
2023.10.14-15.48.37.597,X=420672.820 Y=369012.923 Z=2403.335,X=-0.275 Y=-0.779 Z=0.563,X=0.000 Y=0.000 Z=0.000,1.0,X=420301.438 Y=367839.568 Z=3197.839,
2023.10.14-15.48.37.647,X=420672.812 Y=369012.921 Z=2403.339,X=-0.278 Y=-0.785 Z=0.554,X=0.000 Y=0.000 Z=0.000,1.0,X=420299.698 Y=367836.092 Z=3182.942,
2023.10.14-15.48.37.693,X=420672.826 Y=369012.921 Z=2403.339,X=-0.279 Y=-0.788 Z=0.549,X=0.000 Y=0.000 Z=0.000,1.0,X=420298.336 Y=367833.847 Z=3173.318,
2023.10.14-15.48.37.741,X=420672.836 Y=369012.932 Z=2403.331,X=-0.281 Y=-0.791 Z=0.544,X=0.000 Y=0.000 Z=0.000,1.0,X=420296.141 Y=367831.971 Z=3165.273,
2023.10.14-15.48.37.791,X=420672.831 Y=369012.936 Z=2403.356,X=-0.284 Y=-0.795 Z=0.536,X=0.000 Y=0.000 Z=0.000,1.0,X=420293.256 Y=367829.054 Z=3152.770,
2023.10.14-15.48.37.858,X=420672.832 Y=369012.939 Z=2403.358,X=-0.287 Y=-0.798 Z=0.530,X=0.000 Y=0.000 Z=0.000,1.0,X=420290.223 Y=367826.798 Z=3143.103,
2023.10.14-15.48.37.886,X=420672.825 Y=369012.936 Z=2403.353,X=-0.286 Y=-0.797 Z=0.532,X=0.000 Y=0.000 Z=0.000,1.0,X=420291.330 Y=367827.462 Z=3145.946,
2023.10.14-15.48.37.931,X=420672.808 Y=369012.939 Z=2403.352,X=-0.285 Y=-0.796 Z=0.534,X=0.000 Y=0.000 Z=0.000,1.0,X=420291.740 Y=367828.294 Z=3149.515,
2023.10.14-15.48.37.979,X=420672.773 Y=369012.946 Z=2403.343,X=-0.288 Y=-0.795 Z=0.534,X=0.000 Y=0.000 Z=0.000,1.0,X=420288.168 Y=367828.452 Z=3150.189,
2023.10.14-15.48.38.025,X=420672.724 Y=369012.937 Z=2403.328,X=-0.293 Y=-0.796 Z=0.530,X=0.000 Y=0.000 Z=0.000,1.0,X=420281.285 Y=367827.145 Z=3144.590,
2023.10.14-15.48.38.070,X=420672.685 Y=369012.920 Z=2403.315,X=-0.295 Y=-0.800 Z=0.522,X=0.000 Y=0.000 Z=0.000,1.0,X=420278.318 Y=367824.033 Z=3131.250,
2023.10.14-15.48.38.117,X=420672.649 Y=369012.907 Z=2403.314,X=-0.293 Y=-0.805 Z=0.516,X=0.000 Y=0.000 Z=0.000,1.0,X=420282.532 Y=367821.534 Z=3120.537,
2023.10.14-15.48.38.886,X=420672.631 Y=369012.664 Z=2403.209,X=-0.271 Y=-0.814 Z=0.514,X=0.000 Y=0.000 Z=0.000,1.0,X=420317.297 Y=367819.107 Z=3110.135,
2023.10.14-15.48.38.935,X=420672.644 Y=369012.640 Z=2403.206,X=-0.263 Y=-0.807 Z=0.529,X=0.000 Y=0.000 Z=0.000,1.0,X=420326.838 Y=367824.611 Z=3133.726,
2023.10.14-15.48.38.983,X=420672.662 Y=369012.599 Z=2403.201,X=-0.258 Y=-0.801 Z=0.540,X=0.000 Y=0.000 Z=0.000,1.0,X=420332.202 Y=367828.942 Z=3152.290,
2023.10.14-15.48.39.031,X=420672.702 Y=369012.565 Z=2403.188,X=-0.255 Y=-0.796 Z=0.549,X=0.000 Y=0.000 Z=0.000,1.0,X=420335.809 Y=367832.302 Z=3166.693,
2023.10.14-15.48.39.080,X=420672.745 Y=369012.517 Z=2403.180,X=-0.250 Y=-0.792 Z=0.557,X=0.000 Y=0.000 Z=0.000,1.0,X=420342.167 Y=367835.206 Z=3179.141,
2023.10.14-15.48.39.124,X=420672.804 Y=369012.474 Z=2403.171,X=-0.247 Y=-0.791 Z=0.560,X=0.000 Y=0.000 Z=0.000,1.0,X=420346.633 Y=367836.175 Z=3183.295,
2023.10.14-15.48.39.171,X=420672.874 Y=369012.432 Z=2403.161,X=-0.233 Y=-0.790 Z=0.567,X=0.000 Y=0.000 Z=0.000,1.0,X=420365.772 Y=367838.405 Z=3192.854,
2023.10.14-15.48.39.219,X=420672.953 Y=369012.384 Z=2403.156,X=-0.221 Y=-0.787 Z=0.577,X=0.000 Y=0.000 Z=0.000,1.0,X=420382.323 Y=367841.929 Z=3207.959,
2023.10.14-15.48.39.270,X=420673.064 Y=369012.350 Z=2403.157,X=-0.211 Y=-0.785 Z=0.582,X=0.000 Y=0.000 Z=0.000,1.0,X=420395.733 Y=367843.650 Z=3215.336,
2023.10.14-15.48.39.317,X=420673.169 Y=369012.309 Z=2403.160,X=-0.205 Y=-0.785 Z=0.585,X=0.000 Y=0.000 Z=0.000,1.0,X=420404.540 Y=367844.425 Z=3218.659,
2023.10.14-15.48.39.366,X=420673.304 Y=369012.273 Z=2403.166,X=-0.197 Y=-0.786 Z=0.586,X=0.000 Y=0.000 Z=0.000,1.0,X=420416.353 Y=367844.732 Z=3219.975,
2023.10.14-15.48.39.416,X=420673.424 Y=369012.231 Z=2403.172,X=-0.189 Y=-0.785 Z=0.590,X=0.000 Y=0.000 Z=0.000,1.0,X=420426.813 Y=367845.918 Z=3225.057,
2023.10.14-15.48.39.467,X=420673.559 Y=369012.198 Z=2403.181,X=-0.182 Y=-0.785 Z=0.593,X=0.000 Y=0.000 Z=0.000,1.0,X=420436.540 Y=367846.749 Z=3228.622,
2023.10.14-15.48.39.514,X=420673.644 Y=369012.157 Z=2403.186,X=-0.179 Y=-0.784 Z=0.594,X=0.000 Y=0.000 Z=0.000,1.0,X=420441.326 Y=367847.246 Z=3230.751,
2023.10.14-15.48.39.563,X=420673.712 Y=369012.136 Z=2403.200,X=-0.176 Y=-0.784 Z=0.596,X=0.000 Y=0.000 Z=0.000,1.0,X=420445.792 Y=367847.707 Z=3232.725,
2023.10.14-15.48.39.610,X=420673.742 Y=369012.107 Z=2403.196,X=-0.175 Y=-0.784 Z=0.596,X=0.000 Y=0.000 Z=0.000,1.0,X=420446.689 Y=367848.655 Z=3231.916,
2023.10.14-15.48.39.659,X=420673.777 Y=369012.105 Z=2403.194,X=-0.177 Y=-0.783 Z=0.596,X=0.000 Y=0.000 Z=0.000,1.0,X=420443.580 Y=367848.147 Z=3234.613,
2023.10.14-15.48.39.708,X=420673.777 Y=369012.113 Z=2403.182,X=-0.180 Y=-0.778 Z=0.601,X=0.000 Y=0.000 Z=0.000,1.0,X=420438.308 Y=367850.395 Z=3244.250,
2023.10.14-15.48.39.755,X=420673.773 Y=369012.127 Z=2403.185,X=-0.182 Y=-0.776 Z=0.604,X=0.000 Y=0.000 Z=0.000,1.0,X=420434.869 Y=367851.595 Z=3249.395,
2023.10.14-15.48.39.806,X=420673.775 Y=369012.143 Z=2403.162,X=-0.184 Y=-0.774 Z=0.606,X=0.000 Y=0.000 Z=0.000,1.0,X=420431.757 Y=367852.628 Z=3253.819,
2023.10.14-15.48.39.851,X=420673.760 Y=369012.161 Z=2403.163,X=-0.186 Y=-0.772 Z=0.608,X=0.000 Y=0.000 Z=0.000,1.0,X=420428.882 Y=367853.478 Z=3257.465,
2023.10.14-15.48.39.898,X=420673.740 Y=369012.178 Z=2403.164,X=-0.187 Y=-0.770 Z=0.610,X=0.000 Y=0.000 Z=0.000,1.0,X=420426.996 Y=367854.517 Z=3261.919,
2023.10.14-15.48.39.946,X=420673.704 Y=369012.191 Z=2403.166,X=-0.189 Y=-0.769 Z=0.611,X=0.000 Y=0.000 Z=0.000,1.0,X=420423.558 Y=367855.238 Z=3265.007,
2023.10.14-15.48.39.993,X=420673.663 Y=369012.203 Z=2403.168,X=-0.191 Y=-0.769 Z=0.610,X=0.000 Y=0.000 Z=0.000,1.0,X=420420.378 Y=367854.806 Z=3263.157,
2023.10.14-15.48.40.037,X=420673.636 Y=369012.232 Z=2403.171,X=-0.194 Y=-0.769 Z=0.609,X=0.000 Y=0.000 Z=0.000,1.0,X=420417.376 Y=367854.474 Z=3261.734,
2023.10.14-15.48.40.086,X=420673.597 Y=369012.259 Z=2403.170,X=-0.194 Y=-0.769 Z=0.609,X=0.000 Y=0.000 Z=0.000,1.0,X=420416.586 Y=367855.770 Z=3261.577,
2023.10.14-15.48.40.133,X=420673.560 Y=369012.294 Z=2403.173,X=-0.195 Y=-0.769 Z=0.609,X=0.000 Y=0.000 Z=0.000,1.0,X=420414.699 Y=367854.573 Z=3262.159,
2023.10.14-15.48.40.183,X=420673.497 Y=369012.339 Z=2403.176,X=-0.199 Y=-0.766 Z=0.611,X=0.000 Y=0.000 Z=0.000,1.0,X=420409.032 Y=367855.676 Z=3266.885,
2023.10.14-15.48.40.233,X=420673.465 Y=369012.377 Z=2403.176,X=-0.200 Y=-0.764 Z=0.613,X=0.000 Y=0.000 Z=0.000,1.0,X=420407.296 Y=367856.871 Z=3272.008,
2023.10.14-15.48.40.282,X=420673.435 Y=369012.381 Z=2403.182,X=-0.199 Y=-0.763 Z=0.614,X=0.000 Y=0.000 Z=0.000,1.0,X=420408.064 Y=367857.341 Z=3274.022,
2023.10.14-15.48.40.321,X=420673.429 Y=369012.382 Z=2403.179,X=-0.197 Y=-0.763 Z=0.616,X=0.000 Y=0.000 Z=0.000,1.0,X=420411.501 Y=367857.976 Z=3276.743,
2023.10.14-15.48.40.370,X=420673.426 Y=369012.395 Z=2403.188,X=-0.195 Y=-0.763 Z=0.616,X=0.000 Y=0.000 Z=0.000,1.0,X=420413.740 Y=367858.038 Z=3277.011,
2023.10.14-15.48.40.410,X=420673.414 Y=369012.416 Z=2403.188,X=-0.196 Y=-0.761 Z=0.618,X=0.000 Y=0.000 Z=0.000,1.0,X=420412.262 Y=367859.046 Z=3281.331,
2023.10.14-15.48.40.458,X=420673.408 Y=369012.460 Z=2403.193,X=-0.197 Y=-0.759 Z=0.621,X=0.000 Y=0.000 Z=0.000,1.0,X=420410.398 Y=367860.087 Z=3285.792,
2023.10.14-15.48.40.505,X=420673.398 Y=369012.515 Z=2403.189,X=-0.198 Y=-0.756 Z=0.623,X=0.000 Y=0.000 Z=0.000,1.0,X=420407.569 Y=367861.480 Z=3291.765,
2023.10.14-15.48.40.551,X=420673.390 Y=369012.559 Z=2403.192,X=-0.197 Y=-0.754 Z=0.626,X=0.000 Y=0.000 Z=0.000,1.0,X=420408.806 Y=367862.783 Z=3297.350,
2023.10.14-15.48.40.596,X=420673.385 Y=369012.595 Z=2403.205,X=-0.198 Y=-0.754 Z=0.626,X=0.000 Y=0.000 Z=0.000,1.0,X=420407.469 Y=367863.519 Z=3296.909,
2023.10.14-15.48.40.643,X=420673.388 Y=369012.621 Z=2403.205,X=-0.199 Y=-0.753 Z=0.628,X=0.000 Y=0.000 Z=0.000,1.0,X=420405.982 Y=367863.593 Z=3300.821,
2023.10.14-15.48.40.692,X=420673.383 Y=369012.646 Z=2403.216,X=-0.195 Y=-0.749 Z=0.633,X=0.000 Y=0.000 Z=0.000,1.0,X=420410.738 Y=367865.931 Z=3310.844,
2023.10.14-15.48.40.741,X=420673.369 Y=369012.677 Z=2403.214,X=-0.190 Y=-0.745 Z=0.640,X=0.000 Y=0.000 Z=0.000,1.0,X=420416.859 Y=367868.824 Z=3323.246,
2023.10.14-15.48.40.781,X=420673.373 Y=369012.720 Z=2403.234,X=-0.189 Y=-0.743 Z=0.642,X=0.000 Y=0.000 Z=0.000,1.0,X=420418.928 Y=367869.739 Z=3327.167,
2023.10.14-15.48.40.831,X=420673.372 Y=369012.755 Z=2403.228,X=-0.187 Y=-0.739 Z=0.647,X=0.000 Y=0.000 Z=0.000,1.0,X=420420.223 Y=367872.165 Z=3337.564,
2023.10.14-15.48.40.875,X=420673.362 Y=369012.798 Z=2403.245,X=-0.185 Y=-0.738 Z=0.649,X=0.000 Y=0.000 Z=0.000,1.0,X=420422.408 Y=367872.895 Z=3340.694,
2023.10.14-15.48.40.917,X=420673.356 Y=369012.810 Z=2403.247,X=-0.172 Y=-0.742 Z=0.648,X=0.000 Y=0.000 Z=0.000,1.0,X=420443.307 Y=367871.594 Z=3335.119,
2023.10.14-15.48.40.957,X=420673.360 Y=369012.824 Z=2403.239,X=-0.131 Y=-0.750 Z=0.648,X=0.000 Y=0.000 Z=0.000,1.0,X=420503.771 Y=367869.859 Z=3327.682,
2023.10.14-15.48.41.005,X=420673.409 Y=369012.832 Z=2403.256,X=-0.116 Y=-0.756 Z=0.644,X=0.000 Y=0.000 Z=0.000,1.0,X=420525.361 Y=367867.170 Z=3316.156,
2023.10.14-15.48.41.054,X=420673.538 Y=369012.829 Z=2403.263,X=-0.104 Y=-0.760 Z=0.642,X=0.000 Y=0.000 Z=0.000,1.0,X=420543.171 Y=367865.902 Z=3310.722,
2023.10.14-15.48.41.102,X=420673.754 Y=369012.821 Z=2403.272,X=-0.083 Y=-0.765 Z=0.638,X=0.000 Y=0.000 Z=0.000,1.0,X=420573.877 Y=367863.498 Z=3300.416,
2023.10.14-15.48.41.150,X=420673.976 Y=369012.810 Z=2403.280,X=-0.093 Y=-0.738 Z=0.669,X=0.000 Y=0.000 Z=0.000,1.0,X=420556.827 Y=367878.512 Z=3364.770,
2023.10.14-15.48.41.201,X=420674.153 Y=369012.811 Z=2403.277,X=-0.098 Y=-0.807 Z=0.582,X=0.000 Y=0.000 Z=0.000,1.0,X=420557.098 Y=367839.379 Z=3197.028,
2023.10.14-15.48.41.249,X=420674.295 Y=369012.805 Z=2403.282,X=-0.087 Y=-0.796 Z=0.600,X=0.000 Y=0.000 Z=0.000,1.0,X=420570.955 Y=367846.413 Z=3227.182,
2023.10.14-15.48.41.296,X=420674.420 Y=369012.779 Z=2403.273,X=-0.082 Y=-0.784 Z=0.615,X=0.000 Y=0.000 Z=0.000,1.0,X=420576.452 Y=367852.854 Z=3254.787,
2023.10.14-15.48.41.343,X=420674.483 Y=369012.769 Z=2403.265,X=-0.083 Y=-0.776 Z=0.626,X=0.000 Y=0.000 Z=0.000,1.0,X=420575.463 Y=367857.833 Z=3276.133,
2023.10.14-15.48.41.390,X=420674.523 Y=369012.759 Z=2403.260,X=-0.085 Y=-0.768 Z=0.635,X=0.000 Y=0.000 Z=0.000,1.0,X=420570.967 Y=367862.058 Z=3294.243,
2023.10.14-15.48.41.436,X=420674.558 Y=369012.737 Z=2403.241,X=-0.084 Y=-0.759 Z=0.646,X=0.000 Y=0.000 Z=0.000,1.0,X=420572.496 Y=367867.018 Z=3315.505,
2023.10.14-15.48.41.484,X=420674.615 Y=369012.717 Z=2403.233,X=-0.047 Y=-0.755 Z=0.654,X=0.000 Y=0.000 Z=0.000,1.0,X=420623.541 Y=367870.085 Z=3328.648,
2023.10.14-15.48.41.530,X=420674.658 Y=369012.687 Z=2403.222,X=-0.041 Y=-0.753 Z=0.657,X=0.000 Y=0.000 Z=0.000,1.0,X=420632.585 Y=367871.583 Z=3335.070,
2023.10.14-15.48.41.577,X=420674.704 Y=369012.663 Z=2403.209,X=-0.036 Y=-0.752 Z=0.659,X=0.000 Y=0.000 Z=0.000,1.0,X=420639.828 Y=367872.337 Z=3338.305,
2023.10.14-15.48.41.625,X=420674.727 Y=369012.639 Z=2403.206,X=-0.034 Y=-0.752 Z=0.658,X=0.000 Y=0.000 Z=0.000,1.0,X=420642.566 Y=367872.262 Z=3337.982,
2023.10.14-15.48.41.672,X=420674.754 Y=369012.612 Z=2403.199,X=-0.032 Y=-0.751 Z=0.659,X=0.000 Y=0.000 Z=0.000,1.0,X=420645.773 Y=367872.675 Z=3339.752,
2023.10.14-15.48.41.719,X=420674.777 Y=369012.587 Z=2403.196,X=-0.030 Y=-0.749 Z=0.662,X=0.000 Y=0.000 Z=0.000,1.0,X=420648.472 Y=367873.744 Z=3344.333,
2023.10.14-15.48.41.767,X=420674.804 Y=369012.565 Z=2403.216,X=-0.030 Y=-0.749 Z=0.662,X=0.000 Y=0.000 Z=0.000,1.0,X=420648.057 Y=367874.128 Z=3345.978,
2023.10.14-15.48.41.812,X=420674.819 Y=369012.524 Z=2403.208,X=-0.027 Y=-0.747 Z=0.665,X=0.000 Y=0.000 Z=0.000,1.0,X=420651.458 Y=367875.232 Z=3350.712,
2023.10.14-15.48.41.860,X=420674.832 Y=369012.472 Z=2403.206,X=-0.027 Y=-0.746 Z=0.665,X=0.000 Y=0.000 Z=0.000,1.0,X=420651.762 Y=367876.688 Z=3350.493,
2023.10.14-15.48.41.907,X=420674.864 Y=369012.446 Z=2403.214,X=-0.025 Y=-0.745 Z=0.666,X=0.000 Y=0.000 Z=0.000,1.0,X=420654.824 Y=367876.102 Z=3354.440,
2023.10.14-15.48.41.955,X=420674.903 Y=369012.408 Z=2403.208,X=-0.022 Y=-0.744 Z=0.668,X=0.000 Y=0.000 Z=0.000,1.0,X=420658.682 Y=367877.007 Z=3358.319,
2023.10.14-15.48.42.004,X=420674.947 Y=369012.395 Z=2403.215,X=-0.022 Y=-0.745 Z=0.667,X=0.000 Y=0.000 Z=0.000,1.0,X=420659.069 Y=367876.134 Z=3354.580,
2023.10.14-15.48.42.052,X=420674.962 Y=369012.375 Z=2403.215,X=-0.023 Y=-0.745 Z=0.667,X=0.000 Y=0.000 Z=0.000,1.0,X=420658.186 Y=367877.391 Z=3354.573,
2023.10.14-15.48.42.098,X=420674.985 Y=369012.361 Z=2403.213,X=-0.024 Y=-0.745 Z=0.666,X=0.000 Y=0.000 Z=0.000,1.0,X=420656.279 Y=367875.967 Z=3353.861,
2023.10.14-15.48.42.142,X=420675.014 Y=369012.356 Z=2403.218,X=-0.024 Y=-0.746 Z=0.665,X=0.000 Y=0.000 Z=0.000,1.0,X=420655.900 Y=367875.352 Z=3351.225,
2023.10.14-15.48.42.191,X=420675.042 Y=369012.344 Z=2403.224,X=-0.023 Y=-0.747 Z=0.665,X=0.000 Y=0.000 Z=0.000,1.0,X=420657.475 Y=367875.559 Z=3350.887,
2023.10.14-15.48.42.237,X=420675.058 Y=369012.338 Z=2403.219,X=-0.024 Y=-0.745 Z=0.666,X=0.000 Y=0.000 Z=0.000,1.0,X=420656.318 Y=367876.065 Z=3354.281,
2023.10.14-15.48.42.283,X=420675.085 Y=369012.335 Z=2403.233,X=-0.024 Y=-0.745 Z=0.667,X=0.000 Y=0.000 Z=0.000,1.0,X=420655.923 Y=367877.335 Z=3354.981,
2023.10.14-15.48.42.329,X=420675.093 Y=369012.326 Z=2403.240,X=-0.025 Y=-0.744 Z=0.668,X=0.000 Y=0.000 Z=0.000,1.0,X=420655.179 Y=367876.780 Z=3357.349,
2023.10.14-15.48.42.375,X=420675.100 Y=369012.313 Z=2403.234,X=-0.025 Y=-0.747 Z=0.665,X=0.000 Y=0.000 Z=0.000,1.0,X=420655.463 Y=367875.300 Z=3351.002,
2023.10.14-15.48.42.423,X=420675.110 Y=369012.287 Z=2403.232,X=-0.025 Y=-0.750 Z=0.661,X=0.000 Y=0.000 Z=0.000,1.0,X=420654.961 Y=367873.604 Z=3343.733,
2023.10.14-15.48.42.469,X=420675.126 Y=369012.245 Z=2403.245,X=-0.025 Y=-0.753 Z=0.658,X=0.000 Y=0.000 Z=0.000,1.0,X=420654.896 Y=367871.989 Z=3336.812,
2023.10.14-15.48.42.516,X=420675.129 Y=369012.178 Z=2403.237,X=-0.026 Y=-0.755 Z=0.656,X=0.000 Y=0.000 Z=0.000,1.0,X=420654.125 Y=367870.808 Z=3331.747,
2023.10.14-15.48.42.564,X=420675.136 Y=369012.096 Z=2403.232,X=-0.026 Y=-0.759 Z=0.651,X=0.000 Y=0.000 Z=0.000,1.0,X=420653.894 Y=367868.536 Z=3322.012,
2023.10.14-15.48.42.610,X=420675.140 Y=369012.032 Z=2403.219,X=-0.025 Y=-0.762 Z=0.648,X=0.000 Y=0.000 Z=0.000,1.0,X=420654.878 Y=367866.944 Z=3315.184,
2023.10.14-15.48.42.659,X=420675.140 Y=369011.938 Z=2403.181,X=-0.027 Y=-0.765 Z=0.644,X=0.000 Y=0.000 Z=0.000,1.0,X=420653.091 Y=367865.063 Z=3307.125,
2023.10.14-15.48.42.708,X=420675.143 Y=369011.872 Z=2403.162,X=-0.032 Y=-0.782 Z=0.622,X=0.000 Y=0.000 Z=0.000,1.0,X=420646.382 Y=367855.466 Z=3265.986,
2023.10.14-15.48.42.751,X=420675.141 Y=369011.810 Z=2403.143,X=-0.038 Y=-0.807 Z=0.590,X=0.000 Y=0.000 Z=0.000,1.0,X=420638.677 Y=367841.399 Z=3205.689,
2023.10.14-15.48.42.801,X=420675.137 Y=369011.770 Z=2403.135,X=-0.039 Y=-0.811 Z=0.584,X=0.000 Y=0.000 Z=0.000,1.0,X=420638.115 Y=367839.056 Z=3195.645,
2023.10.14-15.48.42.847,X=420675.132 Y=369011.727 Z=2403.129,X=-0.040 Y=-0.814 Z=0.580,X=0.000 Y=0.000 Z=0.000,1.0,X=420635.976 Y=367837.366 Z=3188.399,
2023.10.14-15.48.42.896,X=420675.133 Y=369011.700 Z=2403.122,X=-0.041 Y=-0.815 Z=0.578,X=0.000 Y=0.000 Z=0.000,1.0,X=420635.369 Y=367836.532 Z=3184.827,
2023.10.14-15.48.42.944,X=420675.126 Y=369011.653 Z=2403.120,X=-0.042 Y=-0.817 Z=0.575,X=0.000 Y=0.000 Z=0.000,1.0,X=420633.347 Y=367835.586 Z=3180.772,
2023.10.14-15.48.42.993,X=420675.132 Y=369011.601 Z=2403.107,X=-0.044 Y=-0.818 Z=0.573,X=0.000 Y=0.000 Z=0.000,1.0,X=420631.750 Y=367834.636 Z=3176.698,
2023.10.14-15.48.43.037,X=420675.146 Y=369011.540 Z=2403.106,X=-0.044 Y=-0.820 Z=0.570,X=0.000 Y=0.000 Z=0.000,1.0,X=420631.045 Y=367833.393 Z=3171.372,
2023.10.14-15.48.43.086,X=420675.171 Y=369011.456 Z=2403.105,X=-0.044 Y=-0.823 Z=0.566,X=0.000 Y=0.000 Z=0.000,1.0,X=420631.127 Y=367831.663 Z=3163.953,
2023.10.14-15.48.43.133,X=420675.204 Y=369011.363 Z=2403.093,X=-0.043 Y=-0.824 Z=0.564,X=0.000 Y=0.000 Z=0.000,1.0,X=420632.887 Y=367831.124 Z=3161.646,
2023.10.14-15.48.43.183,X=420675.245 Y=369011.269 Z=2403.084,X=-0.042 Y=-0.825 Z=0.563,X=0.000 Y=0.000 Z=0.000,1.0,X=420634.373 Y=367830.605 Z=3159.421,
2023.10.14-15.48.43.231,X=420675.295 Y=369011.224 Z=2403.088,X=-0.042 Y=-0.826 Z=0.562,X=0.000 Y=0.000 Z=0.000,1.0,X=420634.732 Y=367830.884 Z=3157.991,
2023.10.14-15.48.43.278,X=420675.338 Y=369011.145 Z=2403.074,X=-0.041 Y=-0.824 Z=0.565,X=0.000 Y=0.000 Z=0.000,1.0,X=420635.860 Y=367831.448 Z=3163.031,
2023.10.14-15.48.43.327,X=420675.388 Y=369011.080 Z=2403.066,X=-0.041 Y=-0.824 Z=0.565,X=0.000 Y=0.000 Z=0.000,1.0,X=420635.307 Y=367832.588 Z=3162.214,
2023.10.14-15.48.43.371,X=420675.433 Y=369011.001 Z=2403.065,X=-0.042 Y=-0.823 Z=0.566,X=0.000 Y=0.000 Z=0.000,1.0,X=420634.114 Y=367831.925 Z=3165.078,
2023.10.14-15.48.43.419,X=420675.501 Y=369010.933 Z=2403.057,X=-0.042 Y=-0.822 Z=0.567,X=0.000 Y=0.000 Z=0.000,1.0,X=420634.266 Y=367832.350 Z=3166.899,
2023.10.14-15.48.43.467,X=420675.566 Y=369010.838 Z=2403.053,X=-0.041 Y=-0.822 Z=0.568,X=0.000 Y=0.000 Z=0.000,1.0,X=420635.282 Y=367833.438 Z=3167.314,
2023.10.14-15.48.43.511,X=420675.617 Y=369010.758 Z=2403.057,X=-0.040 Y=-0.819 Z=0.572,X=0.000 Y=0.000 Z=0.000,1.0,X=420637.122 Y=367834.232 Z=3174.969,
2023.10.14-15.48.43.558,X=420675.692 Y=369010.675 Z=2403.045,X=-0.039 Y=-0.819 Z=0.573,X=0.000 Y=0.000 Z=0.000,1.0,X=420638.136 Y=367835.390 Z=3174.836,
2023.10.14-15.48.43.599,X=420675.747 Y=369010.589 Z=2403.046,X=-0.039 Y=-0.819 Z=0.573,X=0.000 Y=0.000 Z=0.000,1.0,X=420638.423 Y=367836.842 Z=3175.073,
2023.10.14-15.48.43.647,X=420675.820 Y=369010.475 Z=2403.029,X=-0.039 Y=-0.818 Z=0.574,X=0.000 Y=0.000 Z=0.000,1.0,X=420638.195 Y=367835.124 Z=3178.789,
2023.10.14-15.48.43.691,X=420675.876 Y=369010.398 Z=2403.024,X=-0.038 Y=-0.817 Z=0.576,X=0.000 Y=0.000 Z=0.000,1.0,X=420639.847 Y=367835.545 Z=3180.597,
2023.10.14-15.48.43.739,X=420675.966 Y=369010.250 Z=2403.016,X=-0.037 Y=-0.817 Z=0.576,X=0.000 Y=0.000 Z=0.000,1.0,X=420640.763 Y=367836.713 Z=3180.186,
2023.10.14-15.48.43.784,X=420676.042 Y=369010.124 Z=2403.004,X=-0.037 Y=-0.817 Z=0.576,X=0.000 Y=0.000 Z=0.000,1.0,X=420640.931 Y=367838.074 Z=3179.582,
2023.10.14-15.48.43.833,X=420676.127 Y=369010.014 Z=2403.003,X=-0.031 Y=-0.821 Z=0.570,X=0.000 Y=0.000 Z=0.000,1.0,X=420648.339 Y=367833.116 Z=3170.184,
2023.10.14-15.48.43.875,X=420676.211 Y=369009.889 Z=2402.998,X=-0.024 Y=-0.819 Z=0.574,X=0.000 Y=0.000 Z=0.000,1.0,X=420658.666 Y=367834.802 Z=3177.410,
2023.10.14-15.48.43.923,X=420676.304 Y=369009.766 Z=2402.993,X=-0.017 Y=-0.815 Z=0.579,X=0.000 Y=0.000 Z=0.000,1.0,X=420667.760 Y=367836.838 Z=3186.140,
2023.10.14-15.48.43.967,X=420676.388 Y=369009.648 Z=2402.992,X=-0.013 Y=-0.815 Z=0.579,X=0.000 Y=0.000 Z=0.000,1.0,X=420672.799 Y=367836.715 Z=3185.611,
2023.10.14-15.48.44.014,X=420676.470 Y=369009.534 Z=2402.992,X=-0.009 Y=-0.815 Z=0.580,X=0.000 Y=0.000 Z=0.000,1.0,X=420678.284 Y=367837.185 Z=3187.625,
2023.10.14-15.48.44.063,X=420676.553 Y=369009.448 Z=2402.987,X=-0.006 Y=-0.815 Z=0.579,X=0.000 Y=0.000 Z=0.000,1.0,X=420682.032 Y=367836.890 Z=3186.360,
2023.10.14-15.48.44.111,X=420676.614 Y=369009.381 Z=2402.987,X=-0.004 Y=-0.815 Z=0.579,X=0.000 Y=0.000 Z=0.000,1.0,X=420684.721 Y=367836.951 Z=3186.621,
2023.10.14-15.48.44.158,X=420676.686 Y=369009.337 Z=2402.967,X=-0.004 Y=-0.815 Z=0.579,X=0.000 Y=0.000 Z=0.000,1.0,X=420685.672 Y=367837.900 Z=3185.868,
2023.10.14-15.48.44.206,X=420676.748 Y=369009.304 Z=2402.965,X=-0.002 Y=-0.814 Z=0.581,X=0.000 Y=0.000 Z=0.000,1.0,X=420688.122 Y=367837.615 Z=3189.467,
2023.10.14-15.48.44.253,X=420676.800 Y=369009.264 Z=2402.971,X=0.001 Y=-0.812 Z=0.584,X=0.000 Y=0.000 Z=0.000,1.0,X=420692.272 Y=367838.642 Z=3193.869,
2023.10.14-15.48.44.302,X=420676.879 Y=369009.235 Z=2402.962,X=0.004 Y=-0.810 Z=0.586,X=0.000 Y=0.000 Z=0.000,1.0,X=420695.483 Y=367839.628 Z=3198.096,
2023.10.14-15.48.44.348,X=420676.916 Y=369009.196 Z=2402.964,X=0.008 Y=-0.809 Z=0.587,X=0.000 Y=0.000 Z=0.000,1.0,X=420701.434 Y=367840.228 Z=3200.668,
2023.10.14-15.48.44.392,X=420676.959 Y=369009.152 Z=2402.965,X=0.012 Y=-0.808 Z=0.589,X=0.000 Y=0.000 Z=0.000,1.0,X=420707.211 Y=367840.973 Z=3203.862,
2023.10.14-15.48.44.440,X=420676.980 Y=369009.105 Z=2402.970,X=0.016 Y=-0.807 Z=0.590,X=0.000 Y=0.000 Z=0.000,1.0,X=420712.398 Y=367841.371 Z=3205.568,
2023.10.14-15.48.44.488,X=420677.002 Y=369009.070 Z=2402.970,X=0.017 Y=-0.808 Z=0.589,X=0.000 Y=0.000 Z=0.000,1.0,X=420713.376 Y=367840.991 Z=3203.938,
2023.10.14-15.48.44.535,X=420677.009 Y=369009.039 Z=2402.967,X=0.018 Y=-0.808 Z=0.589,X=0.000 Y=0.000 Z=0.000,1.0,X=420715.426 Y=367841.066 Z=3204.263,
2023.10.14-15.48.44.585,X=420677.013 Y=369009.017 Z=2402.968,X=0.020 Y=-0.807 Z=0.591,X=0.000 Y=0.000 Z=0.000,1.0,X=420717.432 Y=367841.627 Z=3206.664,
2023.10.14-15.48.44.632,X=420677.004 Y=369009.000 Z=2402.963,X=0.022 Y=-0.805 Z=0.593,X=0.000 Y=0.000 Z=0.000,1.0,X=420720.428 Y=367842.433 Z=3210.122,
2023.10.14-15.48.44.680,X=420676.994 Y=369008.985 Z=2402.956,X=0.022 Y=-0.804 Z=0.594,X=0.000 Y=0.000 Z=0.000,1.0,X=420721.051 Y=367842.859 Z=3211.948,
2023.10.14-15.48.44.727,X=420676.995 Y=369009.001 Z=2402.986,X=0.019 Y=-0.792 Z=0.610,X=0.000 Y=0.000 Z=0.000,1.0,X=420716.547 Y=367849.939 Z=3242.296,
2023.10.14-15.48.44.775,X=420676.965 Y=369009.002 Z=2402.977,X=0.017 Y=-0.780 Z=0.625,X=0.000 Y=0.000 Z=0.000,1.0,X=420714.735 Y=367856.614 Z=3270.909,
2023.10.14-15.48.44.823,X=420676.923 Y=369009.009 Z=2402.976,X=0.016 Y=-0.777 Z=0.629,X=0.000 Y=0.000 Z=0.000,1.0,X=420712.919 Y=367858.420 Z=3278.650,
2023.10.14-15.48.44.872,X=420676.883 Y=369009.035 Z=2402.969,X=0.015 Y=-0.774 Z=0.633,X=0.000 Y=0.000 Z=0.000,1.0,X=420711.499 Y=367859.944 Z=3285.181,
2023.10.14-15.48.44.920,X=420676.846 Y=369009.096 Z=2402.967,X=0.013 Y=-0.772 Z=0.635,X=0.000 Y=0.000 Z=0.000,1.0,X=420708.235 Y=367861.034 Z=3289.851,
2023.10.14-15.48.44.966,X=420676.809 Y=369009.160 Z=2402.960,X=0.011 Y=-0.770 Z=0.638,X=0.000 Y=0.000 Z=0.000,1.0,X=420706.142 Y=367862.262 Z=3295.118,
2023.10.14-15.48.45.013,X=420676.779 Y=369009.210 Z=2402.967,X=0.013 Y=-0.768 Z=0.641,X=0.000 Y=0.000 Z=0.000,1.0,X=420708.289 Y=367863.582 Z=3300.776,
2023.10.14-15.48.45.059,X=420676.749 Y=369009.266 Z=2402.975,X=0.011 Y=-0.767 Z=0.642,X=0.000 Y=0.000 Z=0.000,1.0,X=420705.865 Y=367864.243 Z=3303.608,
2023.10.14-15.48.45.107,X=420676.726 Y=369009.301 Z=2402.974,X=0.010 Y=-0.765 Z=0.644,X=0.000 Y=0.000 Z=0.000,1.0,X=420705.363 Y=367865.217 Z=3307.782,
2023.10.14-15.48.45.150,X=420676.715 Y=369009.345 Z=2402.977,X=0.011 Y=-0.763 Z=0.646,X=0.000 Y=0.000 Z=0.000,1.0,X=420706.740 Y=367866.139 Z=3311.733,
2023.10.14-15.48.45.193,X=420676.708 Y=369009.374 Z=2402.979,X=0.013 Y=-0.761 Z=0.648,X=0.000 Y=0.000 Z=0.000,1.0,X=420709.301 Y=367867.167 Z=3316.143,
2023.10.14-15.48.45.239,X=420676.698 Y=369009.445 Z=2403.015,X=0.014 Y=-0.759 Z=0.651,X=0.000 Y=0.000 Z=0.000,1.0,X=420711.120 Y=367868.377 Z=3321.327,
2023.10.14-15.48.45.286,X=420676.679 Y=369009.485 Z=2403.013,X=0.018 Y=-0.760 Z=0.650,X=0.000 Y=0.000 Z=0.000,1.0,X=420716.496 Y=367867.839 Z=3319.021,
2023.10.14-15.48.45.331,X=420676.672 Y=369009.516 Z=2403.008,X=0.024 Y=-0.765 Z=0.644,X=0.000 Y=0.000 Z=0.000,1.0,X=420723.985 Y=367865.195 Z=3307.690,
2023.10.14-15.48.45.376,X=420676.651 Y=369009.549 Z=2403.010,X=0.028 Y=-0.768 Z=0.640,X=0.000 Y=0.000 Z=0.000,1.0,X=420730.534 Y=367863.513 Z=3300.480,
2023.10.14-15.48.45.423,X=420676.632 Y=369009.568 Z=2403.006,X=0.029 Y=-0.769 Z=0.638,X=0.000 Y=0.000 Z=0.000,1.0,X=420731.445 Y=367862.499 Z=3296.134,
2023.10.14-15.48.45.472,X=420676.601 Y=369009.582 Z=2403.005,X=0.023 Y=-0.775 Z=0.632,X=0.000 Y=0.000 Z=0.000,1.0,X=420723.107 Y=367859.562 Z=3283.545,
2023.10.14-15.48.45.519,X=420676.597 Y=369009.592 Z=2403.008,X=-0.091 Y=-0.719 Z=0.689,X=0.000 Y=0.000 Z=0.000,1.0,X=420558.240 Y=367888.861 Z=3409.134,
2023.10.14-15.48.45.568,X=420676.591 Y=369009.599 Z=2403.005,X=0.025 Y=-0.755 Z=0.656,X=0.000 Y=0.000 Z=0.000,1.0,X=420725.822 Y=367870.750 Z=3331.502,
2023.10.14-15.48.45.614,X=420676.599 Y=369009.595 Z=2403.005,X=0.066 Y=-0.747 Z=0.661,X=0.000 Y=0.000 Z=0.000,1.0,X=420784.446 Y=367874.074 Z=3345.747,
2023.10.14-15.48.45.663,X=420676.619 Y=369009.601 Z=2403.012,X=0.083 Y=-0.743 Z=0.665,X=0.000 Y=0.000 Z=0.000,1.0,X=420809.110 Y=367876.103 Z=3354.444,
2023.10.14-15.48.45.710,X=420676.662 Y=369009.609 Z=2403.003,X=0.094 Y=-0.739 Z=0.667,X=0.000 Y=0.000 Z=0.000,1.0,X=420825.826 Y=367877.549 Z=3360.645,
2023.10.14-15.48.45.758,X=420676.740 Y=369009.625 Z=2403.005,X=0.103 Y=-0.737 Z=0.668,X=0.000 Y=0.000 Z=0.000,1.0,X=420839.032 Y=367878.505 Z=3364.744,
2023.10.14-15.48.45.806,X=420676.792 Y=369009.627 Z=2402.997,X=0.108 Y=-0.739 Z=0.665,X=0.000 Y=0.000 Z=0.000,1.0,X=420846.007 Y=367877.306 Z=3359.603,
2023.10.14-15.48.45.854,X=420676.839 Y=369009.628 Z=2402.998,X=0.105 Y=-0.747 Z=0.656,X=0.000 Y=0.000 Z=0.000,1.0,X=420840.865 Y=367872.620 Z=3339.515,
2023.10.14-15.48.45.902,X=420676.901 Y=369009.631 Z=2402.989,X=0.106 Y=-0.753 Z=0.649,X=0.000 Y=0.000 Z=0.000,1.0,X=420840.767 Y=367869.293 Z=3325.254,
2023.10.14-15.48.45.950,X=420676.945 Y=369009.621 Z=2402.982,X=0.105 Y=-0.757 Z=0.645,X=0.000 Y=0.000 Z=0.000,1.0,X=420839.384 Y=367867.273 Z=3316.594,
2023.10.14-15.48.45.999,X=420676.979 Y=369009.604 Z=2402.965,X=0.103 Y=-0.764 Z=0.637,X=0.000 Y=0.000 Z=0.000,1.0,X=420835.880 Y=367863.624 Z=3300.956,
2023.10.14-15.48.46.046,X=420676.991 Y=369009.577 Z=2402.954,X=-0.009 Y=-0.767 Z=0.641,X=0.000 Y=0.000 Z=0.000,1.0,X=420678.062 Y=367863.737 Z=3301.440,
2023.10.14-15.48.46.091,X=420677.004 Y=369009.550 Z=2402.943,X=-0.009 Y=-0.768 Z=0.640,X=0.000 Y=0.000 Z=0.000,1.0,X=420677.549 Y=367863.347 Z=3299.768,
2023.10.14-15.48.46.139,X=420677.005 Y=369009.515 Z=2402.934,X=0.151 Y=-0.716 Z=0.682,X=0.000 Y=0.000 Z=0.000,1.0,X=420912.402 Y=367887.809 Z=3404.622,
2023.10.14-15.48.46.189,X=420677.007 Y=369009.490 Z=2402.926,X=0.146 Y=-0.722 Z=0.676,X=0.000 Y=0.000 Z=0.000,1.0,X=420904.747 Y=367884.577 Z=3390.767,
2023.10.14-15.48.46.235,X=420677.015 Y=369009.461 Z=2402.935,X=0.141 Y=-0.727 Z=0.672,X=0.000 Y=0.000 Z=0.000,1.0,X=420895.726 Y=367881.936 Z=3379.447,
2023.10.14-15.48.46.285,X=420676.995 Y=369009.445 Z=2402.948,X=0.136 Y=-0.733 Z=0.667,X=0.000 Y=0.000 Z=0.000,1.0,X=420888.071 Y=367879.281 Z=3368.068,
2023.10.14-15.48.46.330,X=420676.987 Y=369009.421 Z=2402.936,X=0.132 Y=-0.735 Z=0.665,X=0.000 Y=0.000 Z=0.000,1.0,X=420880.992 Y=367878.039 Z=3362.743,
2023.10.14-15.48.46.378,X=420676.961 Y=369009.397 Z=2402.932,X=0.127 Y=-0.738 Z=0.663,X=0.000 Y=0.000 Z=0.000,1.0,X=420874.338 Y=367876.729 Z=3357.129,
2023.10.14-15.48.46.427,X=420676.953 Y=369009.380 Z=2402.928,X=0.123 Y=-0.743 Z=0.658,X=0.000 Y=0.000 Z=0.000,1.0,X=420866.768 Y=367874.183 Z=3346.216,
2023.10.14-15.48.46.472,X=420676.951 Y=369009.376 Z=2402.927,X=0.120 Y=-0.747 Z=0.654,X=0.000 Y=0.000 Z=0.000,1.0,X=420862.404 Y=367872.278 Z=3338.052,
2023.10.14-15.48.46.521,X=420676.957 Y=369009.367 Z=2402.926,X=0.118 Y=-0.750 Z=0.651,X=0.000 Y=0.000 Z=0.000,1.0,X=420858.924 Y=367870.638 Z=3331.020,
2023.10.14-15.48.46.569,X=420676.962 Y=369009.359 Z=2402.927,X=0.116 Y=-0.752 Z=0.649,X=0.000 Y=0.000 Z=0.000,1.0,X=420856.030 Y=367869.575 Z=3326.464,
2023.10.14-15.48.46.618,X=420676.961 Y=369009.334 Z=2402.921,X=0.114 Y=-0.762 Z=0.638,X=0.000 Y=0.000 Z=0.000,1.0,X=420851.365 Y=367864.124 Z=3303.100,
2023.10.14-15.48.46.665,X=420676.969 Y=369009.286 Z=2402.924,X=0.118 Y=-0.782 Z=0.612,X=0.000 Y=0.000 Z=0.000,1.0,X=420854.373 Y=367852.687 Z=3254.076,
2023.10.14-15.48.46.713,X=420676.932 Y=369009.171 Z=2402.779,X=0.119 Y=-0.786 Z=0.606,X=0.000 Y=0.000 Z=0.000,1.0,X=420855.374 Y=367849.959 Z=3242.380,
2023.10.14-15.48.46.762,X=420676.949 Y=369009.125 Z=2402.778,X=0.118 Y=-0.791 Z=0.600,X=0.000 Y=0.000 Z=0.000,1.0,X=420853.683 Y=367847.386 Z=3231.350,
2023.10.14-15.48.46.809,X=420676.962 Y=369009.090 Z=2402.775,X=0.119 Y=-0.793 Z=0.598,X=0.000 Y=0.000 Z=0.000,1.0,X=420855.364 Y=367846.439 Z=3227.290,
2023.10.14-15.48.46.857,X=420676.972 Y=369009.073 Z=2402.775,X=0.120 Y=-0.795 Z=0.595,X=0.000 Y=0.000 Z=0.000,1.0,X=420856.154 Y=367845.053 Z=3221.350,
2023.10.14-15.48.46.902,X=420676.986 Y=369009.060 Z=2402.772,X=0.113 Y=-0.796 Z=0.595,X=0.000 Y=0.000 Z=0.000,1.0,X=420846.605 Y=367845.101 Z=3221.557,
2023.10.14-15.48.46.950,X=420677.007 Y=369009.043 Z=2402.769,X=0.106 Y=-0.794 Z=0.599,X=0.000 Y=0.000 Z=0.000,1.0,X=420837.171 Y=367846.557 Z=3227.797,
2023.10.14-15.48.46.995,X=420677.023 Y=369009.025 Z=2402.764,X=0.102 Y=-0.790 Z=0.604,X=0.000 Y=0.000 Z=0.000,1.0,X=420831.913 Y=367848.613 Z=3236.609,
2023.10.14-15.48.47.039,X=420677.043 Y=369008.996 Z=2402.759,X=0.102 Y=-0.789 Z=0.606,X=0.000 Y=0.000 Z=0.000,1.0,X=420832.265 Y=367849.528 Z=3240.534,
2023.10.14-15.48.47.087,X=420677.067 Y=369008.962 Z=2402.767,X=0.100 Y=-0.790 Z=0.605,X=0.000 Y=0.000 Z=0.000,1.0,X=420829.091 Y=367848.940 Z=3238.011,
2023.10.14-15.48.47.135,X=420677.101 Y=369008.901 Z=2402.765,X=0.097 Y=-0.790 Z=0.605,X=0.000 Y=0.000 Z=0.000,1.0,X=420824.688 Y=367848.884 Z=3237.771,
2023.10.14-15.48.47.185,X=420677.132 Y=369008.851 Z=2402.764,X=0.094 Y=-0.795 Z=0.599,X=0.000 Y=0.000 Z=0.000,1.0,X=420819.756 Y=367846.212 Z=3226.317,
2023.10.14-15.48.47.233,X=420677.172 Y=369008.801 Z=2402.747,X=0.091 Y=-0.798 Z=0.596,X=0.000 Y=0.000 Z=0.000,1.0,X=420815.923 Y=367844.782 Z=3220.188,
2023.10.14-15.48.47.282,X=420677.177 Y=369008.770 Z=2402.740,X=0.089 Y=-0.799 Z=0.595,X=0.000 Y=0.000 Z=0.000,1.0,X=420813.102 Y=367844.436 Z=3218.704,
2023.10.14-15.48.47.330,X=420677.202 Y=369008.740 Z=2402.735,X=0.086 Y=-0.801 Z=0.593,X=0.000 Y=0.000 Z=0.000,1.0,X=420808.570 Y=367843.457 Z=3214.511,
2023.10.14-15.48.47.377,X=420677.220 Y=369008.720 Z=2402.736,X=0.086 Y=-0.799 Z=0.595,X=0.000 Y=0.000 Z=0.000,1.0,X=420808.659 Y=367844.223 Z=3217.795,
2023.10.14-15.48.47.424,X=420677.253 Y=369008.697 Z=2402.731,X=0.086 Y=-0.799 Z=0.595,X=0.000 Y=0.000 Z=0.000,1.0,X=420807.845 Y=367845.477 Z=3218.098,
2023.10.14-15.48.47.471,X=420677.279 Y=369008.682 Z=2402.729,X=0.086 Y=-0.799 Z=0.595,X=0.000 Y=0.000 Z=0.000,1.0,X=420808.289 Y=367846.385 Z=3216.988,
2023.10.14-15.48.47.519,X=420677.309 Y=369008.666 Z=2402.730,X=0.087 Y=-0.797 Z=0.597,X=0.000 Y=0.000 Z=0.000,1.0,X=420809.736 Y=367845.299 Z=3222.405,
2023.10.14-15.48.47.568,X=420677.322 Y=369008.656 Z=2402.728,X=0.086 Y=-0.797 Z=0.597,X=0.000 Y=0.000 Z=0.000,1.0,X=420809.287 Y=367846.389 Z=3221.470,
2023.10.14-15.48.47.613,X=420677.332 Y=369008.651 Z=2402.729,X=0.086 Y=-0.798 Z=0.596,X=0.000 Y=0.000 Z=0.000,1.0,X=420808.649 Y=367844.666 Z=3219.692,
2023.10.14-15.48.47.661,X=420677.338 Y=369008.651 Z=2402.735,X=0.086 Y=-0.799 Z=0.595,X=0.000 Y=0.000 Z=0.000,1.0,X=420808.701 Y=367844.614 Z=3218.198,
2023.10.14-15.48.47.709,X=420677.387 Y=369008.706 Z=2402.868,X=0.087 Y=-0.800 Z=0.594,X=0.000 Y=0.000 Z=0.000,1.0,X=420809.609 Y=367843.989 Z=3216.788,
2023.10.14-15.48.47.755,X=420677.386 Y=369008.718 Z=2402.866,X=0.088 Y=-0.799 Z=0.595,X=0.000 Y=0.000 Z=0.000,1.0,X=420811.068 Y=367844.301 Z=3218.125,
2023.10.14-15.48.47.803,X=420677.368 Y=369008.754 Z=2402.874,X=0.089 Y=-0.798 Z=0.596,X=0.000 Y=0.000 Z=0.000,1.0,X=420813.068 Y=367844.976 Z=3221.019,
2023.10.14-15.48.47.847,X=420677.351 Y=369008.807 Z=2402.872,X=0.089 Y=-0.796 Z=0.599,X=0.000 Y=0.000 Z=0.000,1.0,X=420813.520 Y=367845.913 Z=3225.038,
2023.10.14-15.48.47.895,X=420677.330 Y=369008.869 Z=2402.889,X=0.088 Y=-0.796 Z=0.599,X=0.000 Y=0.000 Z=0.000,1.0,X=420812.311 Y=367846.194 Z=3226.243,
2023.10.14-15.48.47.944,X=420677.302 Y=369008.912 Z=2402.888,X=0.090 Y=-0.795 Z=0.600,X=0.000 Y=0.000 Z=0.000,1.0,X=420814.419 Y=367846.540 Z=3227.725,
2023.10.14-15.48.47.993,X=420677.260 Y=369008.968 Z=2402.886,X=0.089 Y=-0.796 Z=0.598,X=0.000 Y=0.000 Z=0.000,1.0,X=420813.466 Y=367845.720 Z=3224.209,
2023.10.14-15.48.48.037,X=420677.210 Y=369009.007 Z=2402.888,X=0.088 Y=-0.797 Z=0.597,X=0.000 Y=0.000 Z=0.000,1.0,X=420811.628 Y=367845.212 Z=3222.032,
2023.10.14-15.48.48.080,X=420677.146 Y=369009.057 Z=2402.887,X=0.087 Y=-0.798 Z=0.596,X=0.000 Y=0.000 Z=0.000,1.0,X=420809.715 Y=367844.675 Z=3219.732,
2023.10.14-15.48.48.128,X=420677.097 Y=369009.112 Z=2402.894,X=0.086 Y=-0.800 Z=0.594,X=0.000 Y=0.000 Z=0.000,1.0,X=420808.942 Y=367844.065 Z=3217.117,
2023.10.14-15.48.48.176,X=420677.042 Y=369009.178 Z=2402.891,X=0.086 Y=-0.798 Z=0.596,X=0.000 Y=0.000 Z=0.000,1.0,X=420808.600 Y=367844.771 Z=3220.140,
2023.10.14-15.48.48.223,X=420677.008 Y=369009.242 Z=2402.885,X=0.084 Y=-0.799 Z=0.596,X=0.000 Y=0.000 Z=0.000,1.0,X=420805.562 Y=367844.603 Z=3219.423,
2023.10.14-15.48.48.268,X=420676.978 Y=369009.312 Z=2402.882,X=0.083 Y=-0.799 Z=0.596,X=0.000 Y=0.000 Z=0.000,1.0,X=420804.254 Y=367845.419 Z=3219.076,
2023.10.14-15.48.48.315,X=420676.936 Y=369009.390 Z=2402.883,X=0.088 Y=-0.800 Z=0.594,X=0.000 Y=0.000 Z=0.000,1.0,X=420811.763 Y=367843.882 Z=3216.330,
2023.10.14-15.48.48.364,X=420676.904 Y=369009.478 Z=2402.887,X=0.093 Y=-0.799 Z=0.594,X=0.000 Y=0.000 Z=0.000,1.0,X=420817.714 Y=367843.855 Z=3216.217,
2023.10.14-15.48.48.400,X=420676.882 Y=369009.550 Z=2402.890,X=0.095 Y=-0.799 Z=0.594,X=0.000 Y=0.000 Z=0.000,1.0,X=420821.075 Y=367844.045 Z=3217.029,
2023.10.14-15.48.48.444,X=420676.856 Y=369009.623 Z=2402.893,X=0.095 Y=-0.800 Z=0.593,X=0.000 Y=0.000 Z=0.000,1.0,X=420821.041 Y=367843.531 Z=3214.829,
2023.10.14-15.48.48.487,X=420676.832 Y=369009.697 Z=2402.900,X=0.095 Y=-0.798 Z=0.594,X=0.000 Y=0.000 Z=0.000,1.0,X=420821.522 Y=367844.312 Z=3218.175,
2023.10.14-15.48.48.535,X=420676.806 Y=369009.774 Z=2402.911,X=0.097 Y=-0.798 Z=0.595,X=0.000 Y=0.000 Z=0.000,1.0,X=420823.929 Y=367844.536 Z=3219.133,
2023.10.14-15.48.48.581,X=420676.789 Y=369009.838 Z=2402.918,X=0.098 Y=-0.797 Z=0.596,X=0.000 Y=0.000 Z=0.000,1.0,X=420824.834 Y=367845.166 Z=3221.835,
2023.10.14-15.48.48.629,X=420676.771 Y=369009.894 Z=2402.922,X=0.099 Y=-0.796 Z=0.597,X=0.000 Y=0.000 Z=0.000,1.0,X=420826.420 Y=367845.629 Z=3223.821,
2023.10.14-15.48.48.673,X=420676.766 Y=369009.923 Z=2402.930,X=0.099 Y=-0.795 Z=0.598,X=0.000 Y=0.000 Z=0.000,1.0,X=420827.350 Y=367846.850 Z=3223.914,
2023.10.14-15.48.48.718,X=420676.757 Y=369009.949 Z=2402.905,X=0.100 Y=-0.796 Z=0.597,X=0.000 Y=0.000 Z=0.000,1.0,X=420828.340 Y=367846.623 Z=3222.755,
2023.10.14-15.48.48.766,X=420676.764 Y=369009.971 Z=2402.909,X=0.102 Y=-0.797 Z=0.596,X=0.000 Y=0.000 Z=0.000,1.0,X=420830.307 Y=367845.081 Z=3221.470,
2023.10.14-15.48.48.813,X=420676.759 Y=369010.004 Z=2402.910,X=0.102 Y=-0.796 Z=0.596,X=0.000 Y=0.000 Z=0.000,1.0,X=420831.101 Y=367846.380 Z=3221.373,
2023.10.14-15.48.48.861,X=420676.765 Y=369010.036 Z=2402.915,X=0.102 Y=-0.797 Z=0.595,X=0.000 Y=0.000 Z=0.000,1.0,X=420830.816 Y=367844.744 Z=3220.026,
2023.10.14-15.48.48.906,X=420676.760 Y=369010.081 Z=2402.917,X=0.102 Y=-0.797 Z=0.595,X=0.000 Y=0.000 Z=0.000,1.0,X=420830.871 Y=367845.799 Z=3218.968,
2023.10.14-15.48.48.953,X=420676.758 Y=369010.120 Z=2402.916,X=0.102 Y=-0.798 Z=0.594,X=0.000 Y=0.000 Z=0.000,1.0,X=420831.048 Y=367844.305 Z=3218.145,
2023.10.14-15.48.48.999,X=420676.750 Y=369010.165 Z=2402.918,X=0.104 Y=-0.797 Z=0.595,X=0.000 Y=0.000 Z=0.000,1.0,X=420833.143 Y=367844.925 Z=3220.805,
2023.10.14-15.48.49.047,X=420676.742 Y=369010.197 Z=2402.919,X=0.099 Y=-0.799 Z=0.593,X=0.000 Y=0.000 Z=0.000,1.0,X=420826.874 Y=367843.652 Z=3215.344,
2023.10.14-15.48.49.094,X=420676.730 Y=369010.238 Z=2402.929,X=0.096 Y=-0.801 Z=0.592,X=0.000 Y=0.000 Z=0.000,1.0,X=420822.431 Y=367843.107 Z=3213.009,
2023.10.14-15.48.49.138,X=420676.716 Y=369010.262 Z=2402.933,X=0.094 Y=-0.800 Z=0.592,X=0.000 Y=0.000 Z=0.000,1.0,X=420819.524 Y=367843.234 Z=3213.554,
2023.10.14-15.48.49.186,X=420676.695 Y=369010.287 Z=2402.938,X=0.093 Y=-0.799 Z=0.594,X=0.000 Y=0.000 Z=0.000,1.0,X=420818.815 Y=367844.230 Z=3217.821,
2023.10.14-15.48.49.231,X=420676.682 Y=369010.296 Z=2402.931,X=0.092 Y=-0.797 Z=0.597,X=0.000 Y=0.000 Z=0.000,1.0,X=420816.434 Y=367845.406 Z=3222.863,
2023.10.14-15.48.49.279,X=420676.651 Y=369010.313 Z=2402.936,X=0.091 Y=-0.795 Z=0.599,X=0.000 Y=0.000 Z=0.000,1.0,X=420815.596 Y=367846.245 Z=3226.461,
2023.10.14-15.48.49.327,X=420676.633 Y=369010.332 Z=2402.930,X=0.090 Y=-0.793 Z=0.602,X=0.000 Y=0.000 Z=0.000,1.0,X=420815.318 Y=367847.455 Z=3231.647,
2023.10.14-15.48.49.372,X=420676.617 Y=369010.341 Z=2402.931,X=0.091 Y=-0.792 Z=0.603,X=0.000 Y=0.000 Z=0.000,1.0,X=420816.175 Y=367848.037 Z=3234.142,
2023.10.14-15.48.49.419,X=420676.611 Y=369010.364 Z=2402.935,X=0.091 Y=-0.791 Z=0.604,X=0.000 Y=0.000 Z=0.000,1.0,X=420816.435 Y=367848.485 Z=3236.062,
2023.10.14-15.48.49.466,X=420676.607 Y=369010.382 Z=2402.928,X=0.092 Y=-0.790 Z=0.606,X=0.000 Y=0.000 Z=0.000,1.0,X=420817.337 Y=367849.326 Z=3239.668,
2023.10.14-15.48.49.513,X=420676.611 Y=369010.402 Z=2402.938,X=0.092 Y=-0.791 Z=0.605,X=0.000 Y=0.000 Z=0.000,1.0,X=420817.790 Y=367848.658 Z=3236.805,
2023.10.14-15.48.49.558,X=420676.618 Y=369010.413 Z=2402.936,X=0.094 Y=-0.789 Z=0.607,X=0.000 Y=0.000 Z=0.000,1.0,X=420820.822 Y=367849.661 Z=3241.102,
2023.10.14-15.48.49.601,X=420676.617 Y=369010.423 Z=2402.935,X=0.095 Y=-0.790 Z=0.605,X=0.000 Y=0.000 Z=0.000,1.0,X=420821.199 Y=367848.987 Z=3238.215,
2023.10.14-15.48.49.649,X=420676.616 Y=369010.431 Z=2402.939,X=0.094 Y=-0.791 Z=0.604,X=0.000 Y=0.000 Z=0.000,1.0,X=420820.205 Y=367848.569 Z=3236.420,
2023.10.14-15.48.49.697,X=420676.652 Y=369010.457 Z=2403.011,X=0.094 Y=-0.792 Z=0.603,X=0.000 Y=0.000 Z=0.000,1.0,X=420820.341 Y=367847.911 Z=3233.601,
2023.10.14-15.48.49.745,X=420676.665 Y=369010.459 Z=2403.011,X=0.097 Y=-0.793 Z=0.602,X=0.000 Y=0.000 Z=0.000,1.0,X=420823.792 Y=367847.639 Z=3232.438,
2023.10.14-15.48.49.792,X=420676.689 Y=369010.454 Z=2403.007,X=0.099 Y=-0.791 Z=0.604,X=0.000 Y=0.000 Z=0.000,1.0,X=420827.377 Y=367848.619 Z=3236.635,
2023.10.14-15.48.49.840,X=420676.700 Y=369010.439 Z=2403.002,X=0.101 Y=-0.790 Z=0.604,X=0.000 Y=0.000 Z=0.000,1.0,X=420829.880 Y=367848.750 Z=3237.197,
2023.10.14-15.48.49.889,X=420676.733 Y=369010.424 Z=2402.991,X=0.101 Y=-0.789 Z=0.606,X=0.000 Y=0.000 Z=0.000,1.0,X=420830.672 Y=367849.394 Z=3239.960,
2023.10.14-15.48.49.935,X=420676.749 Y=369010.401 Z=2402.980,X=0.099 Y=-0.784 Z=0.613,X=0.000 Y=0.000 Z=0.000,1.0,X=420827.988 Y=367852.246 Z=3252.184,
2023.10.14-15.48.49.985,X=420676.775 Y=369010.376 Z=2402.964,X=0.098 Y=-0.781 Z=0.616,X=0.000 Y=0.000 Z=0.000,1.0,X=420827.456 Y=367853.960 Z=3259.528,
2023.10.14-15.48.50.033,X=420676.789 Y=369010.373 Z=2402.959,X=0.097 Y=-0.781 Z=0.617,X=0.000 Y=0.000 Z=0.000,1.0,X=420825.407 Y=367854.157 Z=3260.374,
2023.10.14-15.48.50.075,X=420676.799 Y=369010.367 Z=2402.949,X=0.097 Y=-0.780 Z=0.618,X=0.000 Y=0.000 Z=0.000,1.0,X=420825.045 Y=367854.574 Z=3262.161,
2023.10.14-15.48.50.123,X=420676.810 Y=369010.361 Z=2402.945,X=0.097 Y=-0.779 Z=0.620,X=0.000 Y=0.000 Z=0.000,1.0,X=420825.996 Y=367855.350 Z=3265.490,
2023.10.14-15.48.50.169,X=420676.803 Y=369010.343 Z=2402.940,X=0.096 Y=-0.778 Z=0.621,X=0.000 Y=0.000 Z=0.000,1.0,X=420823.799 Y=367855.688 Z=3266.936,
2023.10.14-15.48.50.214,X=420676.793 Y=369010.316 Z=2402.938,X=0.096 Y=-0.777 Z=0.623,X=0.000 Y=0.000 Z=0.000,1.0,X=420824.472 Y=367856.592 Z=3270.814,
2023.10.14-15.48.50.263,X=420676.792 Y=369010.258 Z=2402.920,X=0.095 Y=-0.777 Z=0.622,X=0.000 Y=0.000 Z=0.000,1.0,X=420823.839 Y=367856.377 Z=3269.456,
2023.10.14-15.48.50.308,X=420676.792 Y=369010.190 Z=2402.912,X=0.099 Y=-0.780 Z=0.618,X=0.000 Y=0.000 Z=0.000,1.0,X=420828.451 Y=367854.779 Z=3263.040,
2023.10.14-15.48.50.356,X=420676.791 Y=369010.109 Z=2402.912,X=0.101 Y=-0.781 Z=0.616,X=0.000 Y=0.000 Z=0.000,1.0,X=420831.290 Y=367853.949 Z=3259.482,
2023.10.14-15.48.50.404,X=420676.786 Y=369010.018 Z=2402.889,X=0.104 Y=-0.782 Z=0.615,X=0.000 Y=0.000 Z=0.000,1.0,X=420835.471 Y=367853.509 Z=3257.597,
2023.10.14-15.48.50.452,X=420676.775 Y=369009.959 Z=2402.878,X=0.105 Y=-0.782 Z=0.614,X=0.000 Y=0.000 Z=0.000,1.0,X=420836.178 Y=367853.047 Z=3255.617,
2023.10.14-15.48.50.500,X=420676.759 Y=369009.916 Z=2402.878,X=0.103 Y=-0.782 Z=0.615,X=0.000 Y=0.000 Z=0.000,1.0,X=420834.320 Y=367853.449 Z=3257.340,
2023.10.14-15.48.50.549,X=420676.729 Y=369009.885 Z=2402.882,X=0.103 Y=-0.779 Z=0.618,X=0.000 Y=0.000 Z=0.000,1.0,X=420833.637 Y=367854.922 Z=3263.652,
2023.10.14-15.48.50.597,X=420676.700 Y=369009.869 Z=2402.878,X=0.102 Y=-0.777 Z=0.621,X=0.000 Y=0.000 Z=0.000,1.0,X=420833.647 Y=367855.956 Z=3268.085,
2023.10.14-15.48.50.644,X=420676.669 Y=369009.863 Z=2402.875,X=0.101 Y=-0.776 Z=0.623,X=0.000 Y=0.000 Z=0.000,1.0,X=420831.172 Y=367856.705 Z=3271.296,
2023.10.14-15.48.50.689,X=420676.663 Y=369009.850 Z=2402.872,X=0.099 Y=-0.777 Z=0.621,X=0.000 Y=0.000 Z=0.000,1.0,X=420828.666 Y=367856.143 Z=3268.888,
2023.10.14-15.48.50.735,X=420676.664 Y=369009.841 Z=2402.878,X=0.099 Y=-0.777 Z=0.621,X=0.000 Y=0.000 Z=0.000,1.0,X=420828.279 Y=367857.257 Z=3267.961,
2023.10.14-15.48.50.786,X=420676.668 Y=369009.822 Z=2402.882,X=0.099 Y=-0.778 Z=0.620,X=0.000 Y=0.000 Z=0.000,1.0,X=420828.485 Y=367855.508 Z=3266.165,
2023.10.14-15.48.50.830,X=420676.674 Y=369009.808 Z=2402.885,X=0.098 Y=-0.779 Z=0.619,X=0.000 Y=0.000 Z=0.000,1.0,X=420827.028 Y=367855.195 Z=3264.825,
2023.10.14-15.48.50.877,X=420676.689 Y=369009.785 Z=2402.898,X=0.097 Y=-0.781 Z=0.616,X=0.000 Y=0.000 Z=0.000,1.0,X=420825.399 Y=367853.835 Z=3258.995,
2023.10.14-15.48.50.926,X=420676.703 Y=369009.782 Z=2402.896,X=0.096 Y=-0.782 Z=0.616,X=0.000 Y=0.000 Z=0.000,1.0,X=420823.413 Y=367853.646 Z=3258.183,
2023.10.14-15.48.50.974,X=420676.722 Y=369009.772 Z=2402.894,X=0.092 Y=-0.785 Z=0.612,X=0.000 Y=0.000 Z=0.000,1.0,X=420818.322 Y=367851.864 Z=3250.545,
2023.10.14-15.48.51.020,X=420676.750 Y=369009.761 Z=2402.898,X=0.114 Y=-0.785 Z=0.609,X=0.000 Y=0.000 Z=0.000,1.0,X=420849.327 Y=367850.934 Z=3246.560,
2023.10.14-15.48.51.068,X=420676.804 Y=369009.744 Z=2402.890,X=0.134 Y=-0.785 Z=0.605,X=0.000 Y=0.000 Z=0.000,1.0,X=420877.164 Y=367849.873 Z=3242.011,
2023.10.14-15.48.51.115,X=420676.894 Y=369009.696 Z=2402.886,X=0.144 Y=-0.787 Z=0.600,X=0.000 Y=0.000 Z=0.000,1.0,X=420890.884 Y=367848.368 Z=3235.560,
2023.10.14-15.48.51.163,X=420676.979 Y=369009.636 Z=2402.854,X=0.154 Y=-0.786 Z=0.599,X=0.000 Y=0.000 Z=0.000,1.0,X=420904.959 Y=367848.030 Z=3234.113,
2023.10.14-15.48.51.211,X=420677.063 Y=369009.588 Z=2402.814,X=0.160 Y=-0.787 Z=0.596,X=0.000 Y=0.000 Z=0.000,1.0,X=420913.190 Y=367847.032 Z=3229.835,
2023.10.14-15.48.51.260,X=420677.112 Y=369009.539 Z=2402.770,X=0.163 Y=-0.788 Z=0.594,X=0.000 Y=0.000 Z=0.000,1.0,X=420916.791 Y=367846.138 Z=3226.000,
2023.10.14-15.48.51.309,X=420677.133 Y=369009.488 Z=2402.738,X=0.165 Y=-0.788 Z=0.594,X=0.000 Y=0.000 Z=0.000,1.0,X=420919.905 Y=367846.265 Z=3226.544,
2023.10.14-15.48.51.357,X=420677.134 Y=369009.394 Z=2402.687,X=0.178 Y=-0.787 Z=0.591,X=0.000 Y=0.000 Z=0.000,1.0,X=420937.755 Y=367845.833 Z=3224.692,
2023.10.14-15.48.51.407,X=420677.124 Y=369009.254 Z=2402.621,X=0.254 Y=-0.788 Z=0.561,X=0.000 Y=0.000 Z=0.000,1.0,X=421045.654 Y=367837.092 Z=3187.225,
2023.10.14-15.48.51.456,X=420677.120 Y=369009.142 Z=2402.587,X=0.291 Y=-0.786 Z=0.545,X=0.000 Y=0.000 Z=0.000,1.0,X=421101.099 Y=367833.048 Z=3169.890,
2023.10.14-15.48.51.506,X=420677.084 Y=369009.017 Z=2402.547,X=0.299 Y=-0.786 Z=0.540,X=0.000 Y=0.000 Z=0.000,1.0,X=421112.811 Y=367831.544 Z=3163.445,
2023.10.14-15.48.51.555,X=420677.049 Y=369008.931 Z=2402.528,X=0.303 Y=-0.787 Z=0.537,X=0.000 Y=0.000 Z=0.000,1.0,X=421118.300 Y=367830.329 Z=3158.235,
2023.10.14-15.48.51.606,X=420676.984 Y=369008.846 Z=2402.512,X=0.305 Y=-0.789 Z=0.534,X=0.000 Y=0.000 Z=0.000,1.0,X=421120.007 Y=367829.297 Z=3153.815,
2023.10.14-15.48.51.654,X=420676.923 Y=369008.793 Z=2402.506,X=0.300 Y=-0.789 Z=0.536,X=0.000 Y=0.000 Z=0.000,1.0,X=421112.434 Y=367829.829 Z=3156.091,
2023.10.14-15.48.51.704,X=420676.878 Y=369008.745 Z=2402.495,X=0.190 Y=-0.821 Z=0.538,X=0.000 Y=0.000 Z=0.000,1.0,X=420948.631 Y=367824.379 Z=3132.734,
2023.10.14-15.48.51.997,X=420676.826 Y=369008.510 Z=2402.427,X=0.009 Y=-0.846 Z=0.533,X=0.000 Y=0.000 Z=0.000,1.0,X=420702.423 Y=367818.747 Z=3108.592,
2023.10.14-15.48.52.047,X=420676.760 Y=369008.447 Z=2402.415,X=-0.013 Y=-0.845 Z=0.534,X=0.000 Y=0.000 Z=0.000,1.0,X=420673.499 Y=367819.026 Z=3109.785,
2023.10.14-15.48.52.142,X=420676.518 Y=369008.310 Z=2402.376,X=-0.068 Y=-0.845 Z=0.531,X=0.000 Y=0.000 Z=0.000,1.0,X=420600.620 Y=367818.364 Z=3106.952,
2023.10.14-15.48.52.438,X=420676.241 Y=369008.125 Z=2402.353,X=-0.044 Y=-0.845 Z=0.533,X=0.000 Y=0.000 Z=0.000,1.0,X=420632.196 Y=367818.927 Z=3109.361,
2023.10.14-15.48.52.488,X=420676.249 Y=369008.110 Z=2402.360,X=-0.043 Y=-0.846 Z=0.532,X=0.000 Y=0.000 Z=0.000,1.0,X=420633.452 Y=367818.469 Z=3107.399,
2023.10.14-15.48.53.267,X=420677.217 Y=369007.240 Z=2402.347,X=-0.010 Y=-0.846 Z=0.534,X=0.000 Y=0.000 Z=0.000,1.0,X=420677.705 Y=367818.939 Z=3109.416,
2023.10.14-15.48.53.510,X=420677.725 Y=369006.973 Z=2402.335,X=0.304 Y=-0.796 Z=0.523,X=0.000 Y=0.000 Z=0.000,1.0,X=421117.431 Y=367824.945 Z=3135.161,
2023.10.14-15.48.53.559,X=420678.406 Y=369006.955 Z=2402.275,X=0.607 Y=-0.637 Z=0.476,X=0.000 Y=0.000 Z=0.000,1.0,X=421733.930 Y=367844.627 Z=3219.523,
2023.10.14-15.48.53.610,X=420679.212 Y=369006.985 Z=2402.211,X=0.678 Y=-0.584 Z=0.447,X=0.000 Y=0.000 Z=0.000,1.0,X=421958.170 Y=367848.802 Z=3237.422,
2023.10.14-15.48.53.663,X=420680.267 Y=369007.223 Z=2402.154,X=0.717 Y=-0.546 Z=0.433,X=0.000 Y=0.000 Z=0.000,1.0,X=422115.486 Y=367854.445 Z=3261.610,
2023.10.14-15.48.53.717,X=420680.945 Y=369007.430 Z=2402.036,X=0.726 Y=-0.539 Z=0.426,X=0.000 Y=0.000 Z=0.000,1.0,X=422115.486 Y=367854.445 Z=3261.610,
2023.10.14-15.48.53.772,X=420681.582 Y=369007.707 Z=2401.946,X=0.725 Y=-0.549 Z=0.416,X=0.000 Y=0.000 Z=0.000,1.0,X=422135.785 Y=367847.201 Z=3230.557,
2023.10.14-15.48.53.827,X=420682.044 Y=369007.944 Z=2401.871,X=0.716 Y=-0.549 Z=0.431,X=0.000 Y=0.000 Z=0.000,1.0,X=422109.725 Y=367852.817 Z=3254.632,
2023.10.14-15.48.53.884,X=420682.356 Y=369008.168 Z=2401.874,X=0.703 Y=-0.557 Z=0.442,X=0.000 Y=0.000 Z=0.000,1.0,X=422060.894 Y=367854.780 Z=3263.047,
2023.10.14-15.48.53.940,X=420682.628 Y=369008.361 Z=2401.842,X=0.700 Y=-0.561 Z=0.442,X=0.000 Y=0.000 Z=0.000,1.0,X=422045.680 Y=367853.339 Z=3256.867,
2023.10.14-15.48.53.997,X=420682.801 Y=369008.536 Z=2401.860,X=0.688 Y=-0.566 Z=0.456,X=0.000 Y=0.000 Z=0.000,1.0,X=422007.524 Y=367857.258 Z=3273.668,
2023.10.14-15.48.54.053,X=420682.982 Y=369008.682 Z=2401.852,X=0.694 Y=-0.556 Z=0.458,X=0.000 Y=0.000 Z=0.000,1.0,X=422037.641 Y=367861.281 Z=3290.913,
2023.10.14-15.48.54.111,X=420683.143 Y=369008.808 Z=2401.853,X=0.707 Y=-0.536 Z=0.461,X=0.000 Y=0.000 Z=0.000,1.0,X=422104.416 Y=367868.859 Z=3323.393,
2023.10.14-15.48.54.168,X=420683.312 Y=369008.972 Z=2401.891,X=0.710 Y=-0.530 Z=0.463,X=0.000 Y=0.000 Z=0.000,1.0,X=422104.416 Y=367868.859 Z=3323.393,
2023.10.14-15.48.54.225,X=420683.388 Y=369009.125 Z=2401.915,X=0.714 Y=-0.526 Z=0.461,X=0.000 Y=0.000 Z=0.000,1.0,X=422104.416 Y=367868.859 Z=3323.393,
2023.10.14-15.48.54.281,X=420683.379 Y=369009.301 Z=2401.936,X=0.711 Y=-0.533 Z=0.459,X=0.000 Y=0.000 Z=0.000,1.0,X=422104.416 Y=367868.859 Z=3323.393,
2023.10.14-15.48.54.339,X=420683.381 Y=369009.543 Z=2401.965,X=0.711 Y=-0.533 Z=0.460,X=0.000 Y=0.000 Z=0.000,1.0,X=422104.416 Y=367868.859 Z=3323.393,
2023.10.14-15.48.54.399,X=420683.359 Y=369009.812 Z=2402.025,X=0.696 Y=-0.536 Z=0.477,X=0.000 Y=0.000 Z=0.000,1.0,X=422073.689 Y=367874.859 Z=3349.112,
2023.10.14-15.48.54.454,X=420683.387 Y=369010.059 Z=2402.035,X=0.687 Y=-0.541 Z=0.484,X=0.000 Y=0.000 Z=0.000,1.0,X=422041.629 Y=367875.945 Z=3353.766,
2023.10.14-15.48.54.513,X=420683.442 Y=369010.325 Z=2402.067,X=0.684 Y=-0.542 Z=0.489,X=0.000 Y=0.000 Z=0.000,1.0,X=422031.449 Y=367877.306 Z=3359.600,
2023.10.14-15.48.54.570,X=420683.555 Y=369010.558 Z=2402.040,X=0.678 Y=-0.543 Z=0.495,X=0.000 Y=0.000 Z=0.000,1.0,X=422015.617 Y=367879.094 Z=3367.268,
2023.10.14-15.48.54.625,X=420683.717 Y=369010.797 Z=2402.022,X=0.676 Y=-0.545 Z=0.496,X=0.000 Y=0.000 Z=0.000,1.0,X=422007.036 Y=367879.238 Z=3367.885,
2023.10.14-15.48.54.682,X=420683.874 Y=369010.990 Z=2401.978,X=0.677 Y=-0.550 Z=0.489,X=0.000 Y=0.000 Z=0.000,1.0,X=422003.147 Y=367874.780 Z=3348.774,
2023.10.14-15.48.54.735,X=420684.227 Y=369011.312 Z=2401.921,X=0.690 Y=-0.561 Z=0.458,X=0.000 Y=0.000 Z=0.000,1.0,X=422018.928 Y=367859.341 Z=3282.594,
2023.10.14-15.48.54.794,X=420684.773 Y=369011.760 Z=2401.847,X=0.697 Y=-0.570 Z=0.435,X=0.000 Y=0.000 Z=0.000,1.0,X=422025.071 Y=367847.954 Z=3233.784,
2023.10.14-15.48.54.853,X=420685.366 Y=369012.193 Z=2401.784,X=0.702 Y=-0.573 Z=0.423,X=0.000 Y=0.000 Z=0.000,1.0,X=422036.270 Y=367842.699 Z=3211.262,
2023.10.14-15.48.54.910,X=420686.007 Y=369012.653 Z=2401.744,X=0.707 Y=-0.572 Z=0.416,X=0.000 Y=0.000 Z=0.000,1.0,X=422051.022 Y=367840.632 Z=3202.398,
2023.10.14-15.48.54.968,X=420686.658 Y=369013.099 Z=2401.713,X=0.711 Y=-0.566 Z=0.417,X=0.000 Y=0.000 Z=0.000,1.0,X=422071.680 Y=367842.332 Z=3209.688,
2023.10.14-15.48.55.027,X=420688.763 Y=369014.625 Z=2401.670,X=0.715 Y=-0.560 Z=0.419,X=0.000 Y=0.000 Z=0.000,1.0,X=422102.520 Y=367845.888 Z=3224.932,
2023.10.14-15.48.55.083,X=420695.022 Y=369020.141 Z=2401.666,X=0.716 Y=-0.558 Z=0.420,X=0.000 Y=0.000 Z=0.000,1.0,X=422131.444 Y=367848.355 Z=3235.504,
2023.10.14-15.48.55.143,X=420705.317 Y=369031.132 Z=2401.648,X=0.715 Y=-0.556 Z=0.424,X=0.000 Y=0.000 Z=0.000,1.0,X=422131.444 Y=367848.355 Z=3235.504,
2023.10.14-15.48.55.202,X=420719.606 Y=369047.794 Z=2401.613,X=0.712 Y=-0.558 Z=0.426,X=0.000 Y=0.000 Z=0.000,1.0,X=422131.444 Y=367848.355 Z=3235.504,
2023.10.14-15.48.55.260,X=420737.805 Y=369069.839 Z=2401.561,X=0.710 Y=-0.561 Z=0.426,X=0.000 Y=0.000 Z=0.000,1.0,X=422131.444 Y=367848.355 Z=3235.504,
2023.10.14-15.48.55.319,X=420760.197 Y=369097.399 Z=2401.512,X=0.704 Y=-0.575 Z=0.417,X=0.000 Y=0.000 Z=0.000,1.0,X=422131.444 Y=367848.355 Z=3235.504,
2023.10.14-15.48.55.379,X=420782.020 Y=369124.422 Z=2401.464,X=0.696 Y=-0.592 Z=0.406,X=0.000 Y=0.000 Z=0.000,1.0,X=422131.444 Y=367848.355 Z=3235.504,
2023.10.14-15.48.55.438,X=420804.572 Y=369152.216 Z=2401.440,X=0.686 Y=-0.609 Z=0.398,X=0.000 Y=0.000 Z=0.000,1.0,X=422131.444 Y=367848.355 Z=3235.504,
2023.10.14-15.48.55.498,X=420827.160 Y=369179.692 Z=2401.436,X=0.667 Y=-0.635 Z=0.389,X=0.000 Y=0.000 Z=0.000,1.0,X=422131.444 Y=367848.355 Z=3235.504,
2023.10.14-15.48.55.560,X=420851.351 Y=369206.457 Z=2401.421,X=0.641 Y=-0.671 Z=0.373,X=0.000 Y=0.000 Z=0.000,1.0,X=422150.799 Y=367826.320 Z=3141.052,
2023.10.14-15.48.55.620,X=420877.293 Y=369230.936 Z=2401.391,X=0.627 Y=-0.676 Z=0.387,X=0.000 Y=0.000 Z=0.000,1.0,X=422154.223 Y=367833.449 Z=3171.610,
2023.10.14-15.48.55.681,X=420904.977 Y=369253.531 Z=2401.305,X=0.611 Y=-0.685 Z=0.396,X=0.000 Y=0.000 Z=0.000,1.0,X=422153.358 Y=367837.585 Z=3189.341,
2023.10.14-15.48.55.742,X=420934.270 Y=369274.918 Z=2401.221,X=0.594 Y=-0.698 Z=0.400,X=0.000 Y=0.000 Z=0.000,1.0,X=422139.255 Y=367838.327 Z=3192.520,
2023.10.14-15.48.55.803,X=420961.087 Y=369293.111 Z=2401.150,X=0.577 Y=-0.723 Z=0.381,X=0.000 Y=0.000 Z=0.000,1.0,X=422089.586 Y=367825.782 Z=3138.748,
2023.10.14-15.48.56.461,X=421082.072 Y=369299.492 Z=2400.773,X=0.534 Y=-0.754 Z=0.382,X=0.000 Y=0.000 Z=0.000,1.0,X=422119.063 Y=367820.586 Z=3116.474,
2023.10.14-15.48.56.522,X=421119.700 Y=369299.724 Z=2400.779,X=0.531 Y=-0.751 Z=0.392,X=0.000 Y=0.000 Z=0.000,1.0,X=422150.021 Y=367824.736 Z=3134.265,
2023.10.14-15.48.56.581,X=421155.515 Y=369299.126 Z=2400.810,X=0.523 Y=-0.754 Z=0.399,X=0.000 Y=0.000 Z=0.000,1.0,X=422158.144 Y=367826.730 Z=3142.809,
2023.10.14-15.48.56.642,X=421185.683 Y=369297.748 Z=2400.846,X=0.512 Y=-0.755 Z=0.410,X=0.000 Y=0.000 Z=0.000,1.0,X=422148.307 Y=367830.779 Z=3160.164,
2023.10.14-15.48.56.702,X=421201.868 Y=369295.865 Z=2400.889,X=0.473 Y=-0.765 Z=0.437,X=0.000 Y=0.000 Z=0.000,1.0,X=422062.666 Y=367838.696 Z=3194.100,
2023.10.14-15.48.56.761,X=421204.143 Y=369295.488 Z=2400.927,X=0.460 Y=-0.765 Z=0.451,X=0.000 Y=0.000 Z=0.000,1.0,X=422034.657 Y=367844.061 Z=3217.097,
2023.10.14-15.48.56.822,X=421204.057 Y=369295.503 Z=2400.958,X=0.446 Y=-0.767 Z=0.461,X=0.000 Y=0.000 Z=0.000,1.0,X=422006.576 Y=367847.173 Z=3230.440,
2023.10.14-15.48.56.874,X=421204.000 Y=369295.559 Z=2400.980,X=0.439 Y=-0.768 Z=0.466,X=0.000 Y=0.000 Z=0.000,1.0,X=421991.145 Y=367848.716 Z=3237.054,
2023.10.14-15.48.56.934,X=421203.942 Y=369295.653 Z=2400.988,X=0.430 Y=-0.773 Z=0.466,X=0.000 Y=0.000 Z=0.000,1.0,X=421969.924 Y=367847.786 Z=3233.067,
2023.10.14-15.48.56.994,X=421203.980 Y=369295.767 Z=2400.992,X=0.427 Y=-0.775 Z=0.466,X=0.000 Y=0.000 Z=0.000,1.0,X=421965.444 Y=367846.830 Z=3228.969,
2023.10.14-15.48.57.052,X=421205.842 Y=369292.886 Z=2401.004,X=0.426 Y=-0.777 Z=0.464,X=0.000 Y=0.000 Z=0.000,1.0,X=421962.622 Y=367844.702 Z=3219.848,
2023.10.14-15.48.57.110,X=421211.621 Y=369283.499 Z=2401.030,X=0.428 Y=-0.774 Z=0.466,X=0.000 Y=0.000 Z=0.000,1.0,X=421969.196 Y=367844.127 Z=3217.382,
2023.10.14-15.48.57.169,X=421220.531 Y=369268.845 Z=2401.052,X=0.426 Y=-0.773 Z=0.471,X=0.000 Y=0.000 Z=0.000,1.0,X=421968.028 Y=367843.366 Z=3214.122,
2023.10.14-15.48.57.227,X=421233.247 Y=369247.754 Z=2401.058,X=0.425 Y=-0.773 Z=0.470,X=0.000 Y=0.000 Z=0.000,1.0,X=421970.456 Y=367839.948 Z=3199.468,
2023.10.14-15.48.57.285,X=421249.268 Y=369221.056 Z=2401.074,X=0.415 Y=-0.780 Z=0.469,X=0.000 Y=0.000 Z=0.000,1.0,X=421951.184 Y=367834.454 Z=3175.920,
2023.10.14-15.48.57.342,X=421266.883 Y=369191.494 Z=2401.080,X=0.409 Y=-0.780 Z=0.473,X=0.000 Y=0.000 Z=0.000,1.0,X=421945.573 Y=367832.088 Z=3165.776,
2023.10.14-15.48.57.402,X=421284.535 Y=369161.702 Z=2401.082,X=0.405 Y=-0.783 Z=0.472,X=0.000 Y=0.000 Z=0.000,1.0,X=421940.354 Y=367827.700 Z=3146.969,
2023.10.14-15.48.57.458,X=421301.085 Y=369133.629 Z=2401.091,X=0.399 Y=-0.786 Z=0.472,X=0.000 Y=0.000 Z=0.000,1.0,X=421930.094 Y=367826.273 Z=3140.852,
2023.10.14-15.48.57.515,X=421305.624 Y=369126.043 Z=2401.125,X=0.393 Y=-0.786 Z=0.477,X=0.000 Y=0.000 Z=0.000,1.0,X=421919.750 Y=367827.802 Z=3147.407,
2023.10.14-15.48.57.573,X=421305.651 Y=369126.226 Z=2401.181,X=0.390 Y=-0.786 Z=0.480,X=0.000 Y=0.000 Z=0.000,1.0,X=421914.898 Y=367828.528 Z=3150.518,
2023.10.14-15.48.57.625,X=421305.682 Y=369126.493 Z=2401.272,X=0.390 Y=-0.781 Z=0.488,X=0.000 Y=0.000 Z=0.000,1.0,X=421916.812 Y=367832.102 Z=3165.835,
2023.10.14-15.48.57.680,X=421305.690 Y=369126.769 Z=2401.325,X=0.391 Y=-0.775 Z=0.497,X=0.000 Y=0.000 Z=0.000,1.0,X=421919.872 Y=367836.169 Z=3183.269,
2023.10.14-15.48.57.736,X=421305.677 Y=369127.073 Z=2401.428,X=0.392 Y=-0.768 Z=0.506,X=0.000 Y=0.000 Z=0.000,1.0,X=421924.987 Y=367840.718 Z=3202.770,
2023.10.14-15.48.57.791,X=421305.634 Y=369127.351 Z=2401.488,X=0.391 Y=-0.763 Z=0.515,X=0.000 Y=0.000 Z=0.000,1.0,X=421925.947 Y=367844.444 Z=3218.742,
2023.10.14-15.48.57.847,X=421305.562 Y=369127.617 Z=2401.554,X=0.390 Y=-0.759 Z=0.521,X=0.000 Y=0.000 Z=0.000,1.0,X=421926.184 Y=367847.309 Z=3231.022,
2023.10.14-15.48.57.900,X=421305.499 Y=369127.848 Z=2401.626,X=0.391 Y=-0.756 Z=0.524,X=0.000 Y=0.000 Z=0.000,1.0,X=421928.885 Y=367849.122 Z=3238.792,
2023.10.14-15.48.57.954,X=421305.431 Y=369128.078 Z=2401.691,X=0.394 Y=-0.746 Z=0.537,X=0.000 Y=0.000 Z=0.000,1.0,X=421938.263 Y=367855.391 Z=3265.662,
2023.10.14-15.48.58.009,X=421305.385 Y=369128.268 Z=2401.750,X=0.392 Y=-0.736 Z=0.552,X=0.000 Y=0.000 Z=0.000,1.0,X=421939.939 Y=367862.907 Z=3297.883,
2023.10.14-15.48.58.059,X=421305.320 Y=369128.457 Z=2401.821,X=0.389 Y=-0.728 Z=0.565,X=0.000 Y=0.000 Z=0.000,1.0,X=421939.658 Y=367869.082 Z=3324.352,
2023.10.14-15.48.58.105,X=421305.287 Y=369128.561 Z=2401.858,X=0.388 Y=-0.723 Z=0.571,X=0.000 Y=0.000 Z=0.000,1.0,X=421939.586 Y=367872.091 Z=3337.248,
2023.10.14-15.48.58.158,X=421305.235 Y=369128.675 Z=2401.846,X=0.389 Y=-0.723 Z=0.571,X=0.000 Y=0.000 Z=0.000,1.0,X=421941.521 Y=367871.926 Z=3336.543,
2023.10.14-15.48.58.209,X=421305.187 Y=369128.800 Z=2401.896,X=0.428 Y=-0.694 Z=0.579,X=0.000 Y=0.000 Z=0.000,1.0,X=422029.314 Y=367882.664 Z=3382.569,
2023.10.14-15.48.58.261,X=421305.128 Y=369128.907 Z=2401.965,X=0.339 Y=-0.787 Z=0.516,X=0.000 Y=0.000 Z=0.000,1.0,X=421828.335 Y=367839.917 Z=3199.334,
2023.10.14-15.48.58.309,X=421305.078 Y=369128.987 Z=2401.996,X=0.344 Y=-0.777 Z=0.528,X=0.000 Y=0.000 Z=0.000,1.0,X=421840.628 Y=367845.967 Z=3225.267,
2023.10.14-15.48.58.360,X=421305.020 Y=369129.081 Z=2402.037,X=0.356 Y=-0.766 Z=0.535,X=0.000 Y=0.000 Z=0.000,1.0,X=421866.018 Y=367850.651 Z=3245.346,
2023.10.14-15.48.58.402,X=421304.979 Y=369129.152 Z=2402.060,X=0.427 Y=-0.685 Z=0.591,X=0.000 Y=0.000 Z=0.000,1.0,X=422032.709 Y=367889.124 Z=3410.259,
2023.10.14-15.48.58.456,X=421304.900 Y=369129.271 Z=2402.128,X=0.411 Y=-0.658 Z=0.631,X=0.000 Y=0.000 Z=0.000,1.0,X=422020.772 Y=367910.464 Z=3501.731,
2023.10.14-15.48.58.509,X=421304.805 Y=369129.420 Z=2402.184,X=0.406 Y=-0.662 Z=0.630,X=0.000 Y=0.000 Z=0.000,1.0,X=422008.033 Y=367908.965 Z=3495.307,
2023.10.14-15.48.58.563,X=421304.678 Y=369129.591 Z=2402.250,X=0.401 Y=-0.661 Z=0.634,X=0.000 Y=0.000 Z=0.000,1.0,X=421999.491 Y=367910.431 Z=3501.593,
2023.10.14-15.48.58.616,X=421304.552 Y=369129.719 Z=2402.290,X=0.396 Y=-0.662 Z=0.636,X=0.000 Y=0.000 Z=0.000,1.0,X=421990.105 Y=367910.977 Z=3503.929,
2023.10.14-15.48.58.672,X=421304.446 Y=369129.817 Z=2402.325,X=0.391 Y=-0.665 Z=0.636,X=0.000 Y=0.000 Z=0.000,1.0,X=421979.474 Y=367909.604 Z=3498.046,
2023.10.14-15.48.58.722,X=421304.351 Y=369129.879 Z=2402.327,X=0.388 Y=-0.667 Z=0.636,X=0.000 Y=0.000 Z=0.000,1.0,X=421971.429 Y=367909.104 Z=3495.903,
2023.10.14-15.48.58.768,X=421304.280 Y=369129.908 Z=2402.362,X=0.385 Y=-0.670 Z=0.634,X=0.000 Y=0.000 Z=0.000,1.0,X=421965.566 Y=367907.761 Z=3490.145,
2023.10.14-15.48.58.819,X=421304.212 Y=369129.910 Z=2402.359,X=0.383 Y=-0.673 Z=0.633,X=0.000 Y=0.000 Z=0.000,1.0,X=421958.546 Y=367906.171 Z=3483.331,
2023.10.14-15.48.58.872,X=421304.153 Y=369129.904 Z=2402.361,X=0.381 Y=-0.677 Z=0.629,X=0.000 Y=0.000 Z=0.000,1.0,X=421952.695 Y=367903.874 Z=3473.483,
2023.10.14-15.48.58.921,X=421304.115 Y=369129.879 Z=2402.350,X=0.379 Y=-0.680 Z=0.628,X=0.000 Y=0.000 Z=0.000,1.0,X=421947.742 Y=367902.685 Z=3468.387,
2023.10.14-15.48.58.973,X=421304.086 Y=369129.847 Z=2402.346,X=0.376 Y=-0.686 Z=0.623,X=0.000 Y=0.000 Z=0.000,1.0,X=421940.408 Y=367899.421 Z=3454.399,
2023.10.14-15.48.59.026,X=421304.101 Y=369129.788 Z=2402.322,X=0.376 Y=-0.690 Z=0.618,X=0.000 Y=0.000 Z=0.000,1.0,X=421936.423 Y=367896.339 Z=3441.186,
2023.10.14-15.48.59.081,X=421304.124 Y=369129.709 Z=2402.298,X=0.376 Y=-0.694 Z=0.614,X=0.000 Y=0.000 Z=0.000,1.0,X=421935.311 Y=367894.216 Z=3432.087,
2023.10.14-15.48.59.134,X=421304.158 Y=369129.615 Z=2402.267,X=0.376 Y=-0.699 Z=0.609,X=0.000 Y=0.000 Z=0.000,1.0,X=421932.221 Y=367890.831 Z=3417.574,
2023.10.14-15.48.59.189,X=421304.223 Y=369129.490 Z=2402.210,X=0.376 Y=-0.703 Z=0.603,X=0.000 Y=0.000 Z=0.000,1.0,X=421929.968 Y=367887.909 Z=3405.053,
2023.10.14-15.48.59.242,X=421304.292 Y=369129.367 Z=2402.166,X=0.377 Y=-0.707 Z=0.599,X=0.000 Y=0.000 Z=0.000,1.0,X=421929.423 Y=367885.344 Z=3394.057,
2023.10.14-15.48.59.295,X=421304.383 Y=369129.224 Z=2402.098,X=0.396 Y=-0.718 Z=0.572,X=0.000 Y=0.000 Z=0.000,1.0,X=421956.341 Y=367873.825 Z=3344.681,
2023.10.14-15.48.59.350,X=421304.464 Y=369129.063 Z=2402.024,X=0.418 Y=-0.741 Z=0.526,X=0.000 Y=0.000 Z=0.000,1.0,X=421984.310 Y=367853.071 Z=3255.719,
2023.10.14-15.48.59.402,X=421304.541 Y=369128.937 Z=2401.971,X=0.420 Y=-0.747 Z=0.516,X=0.000 Y=0.000 Z=0.000,1.0,X=421983.976 Y=367848.500 Z=3236.124,
2023.10.14-15.48.59.457,X=421304.610 Y=369128.825 Z=2401.939,X=0.420 Y=-0.749 Z=0.512,X=0.000 Y=0.000 Z=0.000,1.0,X=421982.363 Y=367846.797 Z=3228.827,
2023.10.14-15.48.59.512,X=421304.658 Y=369128.738 Z=2401.926,X=0.420 Y=-0.751 Z=0.509,X=0.000 Y=0.000 Z=0.000,1.0,X=421983.131 Y=367845.608 Z=3223.732,
2023.10.14-15.48.59.567,X=421304.705 Y=369128.663 Z=2401.917,X=0.421 Y=-0.750 Z=0.511,X=0.000 Y=0.000 Z=0.000,1.0,X=421985.023 Y=367846.220 Z=3226.355,
2023.10.14-15.48.59.621,X=421304.767 Y=369128.570 Z=2401.882,X=0.422 Y=-0.749 Z=0.511,X=0.000 Y=0.000 Z=0.000,1.0,X=421986.787 Y=367846.419 Z=3227.208,
2023.10.14-15.48.59.676,X=421304.815 Y=369128.481 Z=2401.874,X=0.432 Y=-0.748 Z=0.504,X=0.000 Y=0.000 Z=0.000,1.0,X=422005.412 Y=367844.522 Z=3219.073,
2023.10.14-15.48.59.733,X=421304.866 Y=369128.385 Z=2401.849,X=0.437 Y=-0.748 Z=0.500,X=0.000 Y=0.000 Z=0.000,1.0,X=422013.874 Y=367843.240 Z=3213.578,
2023.10.14-15.48.59.789,X=421304.936 Y=369128.302 Z=2401.841,X=0.443 Y=-0.748 Z=0.495,X=0.000 Y=0.000 Z=0.000,1.0,X=422025.407 Y=367841.405 Z=3205.714,
2023.10.14-15.48.59.838,X=421304.984 Y=369128.228 Z=2401.824,X=0.455 Y=-0.748 Z=0.483,X=0.000 Y=0.000 Z=0.000,1.0,X=422046.270 Y=367837.680 Z=3189.747,
2023.10.14-15.48.59.893,X=421305.061 Y=369128.126 Z=2401.811,X=0.478 Y=-0.750 Z=0.457,X=0.000 Y=0.000 Z=0.000,1.0,X=422087.020 Y=367828.555 Z=3150.632,
2023.10.14-15.48.59.949,X=421305.105 Y=369128.028 Z=2401.796,X=0.483 Y=-0.754 Z=0.446,X=0.000 Y=0.000 Z=0.000,1.0,X=422095.538 Y=367823.950 Z=3130.893,
2023.10.14-15.49.00.005,X=421305.174 Y=369127.931 Z=2401.787,X=0.488 Y=-0.754 Z=0.439,X=0.000 Y=0.000 Z=0.000,1.0,X=422104.277 Y=367821.607 Z=3120.848,
2023.10.14-15.49.00.058,X=421305.227 Y=369127.836 Z=2401.779,X=0.493 Y=-0.751 Z=0.439,X=0.000 Y=0.000 Z=0.000,1.0,X=422115.345 Y=367821.961 Z=3122.366,
2023.10.14-15.49.00.114,X=421305.299 Y=369127.729 Z=2401.760,X=0.497 Y=-0.749 Z=0.438,X=0.000 Y=0.000 Z=0.000,1.0,X=422123.366 Y=367822.352 Z=3124.043,
2023.10.14-15.49.00.170,X=421305.340 Y=369127.631 Z=2401.745,X=0.500 Y=-0.746 Z=0.439,X=0.000 Y=0.000 Z=0.000,1.0,X=422131.810 Y=367823.125 Z=3127.357,
2023.10.14-15.49.00.225,X=421305.382 Y=369127.538 Z=2401.735,X=0.502 Y=-0.744 Z=0.442,X=0.000 Y=0.000 Z=0.000,1.0,X=422136.606 Y=367824.510 Z=3133.295,
2023.10.14-15.49.00.282,X=421305.408 Y=369127.447 Z=2401.725,X=0.502 Y=-0.742 Z=0.444,X=0.000 Y=0.000 Z=0.000,1.0,X=422136.633 Y=367825.649 Z=3138.177,
2023.10.14-15.49.00.336,X=421305.435 Y=369127.339 Z=2401.711,X=0.502 Y=-0.742 Z=0.445,X=0.000 Y=0.000 Z=0.000,1.0,X=422136.246 Y=367827.089 Z=3138.367,
2023.10.14-15.49.00.394,X=421305.462 Y=369127.229 Z=2401.698,X=0.502 Y=-0.742 Z=0.443,X=0.000 Y=0.000 Z=0.000,1.0,X=422137.568 Y=367825.365 Z=3136.960,
2023.10.14-15.49.00.445,X=421305.479 Y=369127.145 Z=2401.678,X=0.503 Y=-0.742 Z=0.443,X=0.000 Y=0.000 Z=0.000,1.0,X=422140.096 Y=367825.310 Z=3136.722,
2023.10.14-15.49.00.500,X=421305.504 Y=369127.070 Z=2401.661,X=0.504 Y=-0.741 Z=0.443,X=0.000 Y=0.000 Z=0.000,1.0,X=422142.149 Y=367825.383 Z=3137.037,
2023.10.14-15.49.00.557,X=421305.515 Y=369127.004 Z=2401.660,X=0.505 Y=-0.740 Z=0.445,X=0.000 Y=0.000 Z=0.000,1.0,X=422144.663 Y=367826.532 Z=3141.960,
2023.10.14-15.49.00.612,X=421305.562 Y=369126.953 Z=2401.665,X=0.505 Y=-0.739 Z=0.447,X=0.000 Y=0.000 Z=0.000,1.0,X=422145.129 Y=367827.380 Z=3145.596,
2023.10.14-15.49.00.666,X=421305.577 Y=369126.900 Z=2401.661,X=0.505 Y=-0.738 Z=0.448,X=0.000 Y=0.000 Z=0.000,1.0,X=422145.065 Y=367827.926 Z=3147.936,
2023.10.14-15.49.00.721,X=421305.609 Y=369126.852 Z=2401.657,X=0.506 Y=-0.736 Z=0.450,X=0.000 Y=0.000 Z=0.000,1.0,X=422149.105 Y=367828.793 Z=3151.652,
2023.10.14-15.49.00.774,X=421305.623 Y=369126.805 Z=2401.650,X=0.507 Y=-0.735 Z=0.451,X=0.000 Y=0.000 Z=0.000,1.0,X=422150.810 Y=367829.505 Z=3154.705,
2023.10.14-15.49.00.829,X=421305.650 Y=369126.755 Z=2401.645,X=0.506 Y=-0.737 Z=0.449,X=0.000 Y=0.000 Z=0.000,1.0,X=422148.915 Y=367828.355 Z=3149.776,
2023.10.14-15.49.00.884,X=421305.663 Y=369126.716 Z=2401.636,X=0.507 Y=-0.738 Z=0.447,X=0.000 Y=0.000 Z=0.000,1.0,X=422149.096 Y=367827.397 Z=3145.670,
2023.10.14-15.49.00.940,X=421305.689 Y=369126.680 Z=2401.626,X=0.508 Y=-0.738 Z=0.445,X=0.000 Y=0.000 Z=0.000,1.0,X=422151.509 Y=367826.904 Z=3143.557,
2023.10.14-15.49.00.997,X=421305.710 Y=369126.658 Z=2401.625,X=0.509 Y=-0.736 Z=0.447,X=0.000 Y=0.000 Z=0.000,1.0,X=422154.104 Y=367827.740 Z=3147.139,
2023.10.14-15.49.01.046,X=421305.727 Y=369126.632 Z=2401.624,X=0.509 Y=-0.736 Z=0.447,X=0.000 Y=0.000 Z=0.000,1.0,X=422153.318 Y=367828.988 Z=3146.755,
2023.10.14-15.49.01.102,X=421305.776 Y=369126.611 Z=2401.637,X=0.509 Y=-0.734 Z=0.449,X=0.000 Y=0.000 Z=0.000,1.0,X=422156.493 Y=367828.857 Z=3151.925,
2023.10.14-15.49.01.157,X=421305.795 Y=369126.584 Z=2401.633,X=0.504 Y=-0.736 Z=0.452,X=0.000 Y=0.000 Z=0.000,1.0,X=422145.042 Y=367829.414 Z=3154.314,
2023.10.14-15.49.01.211,X=421305.817 Y=369126.579 Z=2401.626,X=0.500 Y=-0.738 Z=0.454,X=0.000 Y=0.000 Z=0.000,1.0,X=422135.728 Y=367830.115 Z=3157.320,
2023.10.14-15.49.01.268,X=421305.827 Y=369126.582 Z=2401.629,X=0.496 Y=-0.739 Z=0.457,X=0.000 Y=0.000 Z=0.000,1.0,X=422127.623 Y=367830.668 Z=3159.689,
2023.10.14-15.49.01.324,X=421305.834 Y=369126.587 Z=2401.630,X=0.500 Y=-0.737 Z=0.454,X=0.000 Y=0.000 Z=0.000,1.0,X=422137.840 Y=367830.176 Z=3157.581,
2023.10.14-15.49.01.376,X=421305.843 Y=369126.587 Z=2401.632,X=0.502 Y=-0.739 Z=0.449,X=0.000 Y=0.000 Z=0.000,1.0,X=422140.527 Y=367827.871 Z=3147.702,
2023.10.14-15.49.01.428,X=421305.860 Y=369126.592 Z=2401.625,X=0.501 Y=-0.747 Z=0.436,X=0.000 Y=0.000 Z=0.000,1.0,X=422133.620 Y=367821.986 Z=3122.476,
2023.10.14-15.49.01.650,X=421305.876 Y=369126.644 Z=2401.591,X=0.502 Y=-0.751 Z=0.429,X=0.000 Y=0.000 Z=0.000,1.0,X=422131.723 Y=367818.590 Z=3107.919,
2023.10.14-15.49.01.698,X=421305.870 Y=369126.677 Z=2401.593,X=0.499 Y=-0.749 Z=0.436,X=0.000 Y=0.000 Z=0.000,1.0,X=422128.919 Y=367821.555 Z=3120.628,
2023.10.14-15.49.01.753,X=421305.861 Y=369126.709 Z=2401.594,X=0.496 Y=-0.749 Z=0.439,X=0.000 Y=0.000 Z=0.000,1.0,X=422123.027 Y=367822.490 Z=3124.633,
2023.10.14-15.49.01.861,X=421305.845 Y=369126.744 Z=2401.592,X=0.492 Y=-0.755 Z=0.433,X=0.000 Y=0.000 Z=0.000,1.0,X=422110.721 Y=367819.218 Z=3110.610,
2023.10.14-15.49.01.913,X=421305.836 Y=369126.766 Z=2401.589,X=0.491 Y=-0.756 Z=0.434,X=0.000 Y=0.000 Z=0.000,1.0,X=422108.352 Y=367819.378 Z=3111.295,
2023.10.14-15.49.01.967,X=421305.815 Y=369126.818 Z=2401.590,X=0.491 Y=-0.754 Z=0.435,X=0.000 Y=0.000 Z=0.000,1.0,X=422110.061 Y=367820.174 Z=3114.707,
2023.10.14-15.49.02.019,X=421305.790 Y=369126.864 Z=2401.588,X=0.491 Y=-0.752 Z=0.440,X=0.000 Y=0.000 Z=0.000,1.0,X=422111.830 Y=367822.249 Z=3123.603,
2023.10.14-15.49.02.074,X=421305.754 Y=369126.922 Z=2401.589,X=0.490 Y=-0.749 Z=0.446,X=0.000 Y=0.000 Z=0.000,1.0,X=422109.703 Y=367824.887 Z=3134.911,
2023.10.14-15.49.02.129,X=421305.705 Y=369126.952 Z=2401.570,X=0.486 Y=-0.747 Z=0.453,X=0.000 Y=0.000 Z=0.000,1.0,X=422104.255 Y=367827.702 Z=3146.976,
2023.10.14-15.49.02.184,X=421305.669 Y=369126.989 Z=2401.566,X=0.529 Y=-0.726 Z=0.439,X=0.000 Y=0.000 Z=0.000,1.0,X=422200.547 Y=367827.040 Z=3144.140,
2023.10.14-15.49.02.235,X=421305.650 Y=369127.016 Z=2401.561,X=0.468 Y=-0.689 Z=0.553,X=0.000 Y=0.000 Z=0.000,1.0,X=422108.121 Y=367875.179 Z=3350.484,
2023.10.14-15.49.02.290,X=421305.607 Y=369127.061 Z=2401.563,X=0.509 Y=-0.794 Z=0.333,X=0.000 Y=0.000 Z=0.000,1.0,X=422108.121 Y=367875.179 Z=3350.484,
2023.10.14-15.49.02.344,X=421305.574 Y=369127.104 Z=2401.558,X=0.516 Y=-0.782 Z=0.350,X=0.000 Y=0.000 Z=0.000,1.0,X=422108.121 Y=367875.179 Z=3350.484,
2023.10.14-15.49.02.398,X=421305.539 Y=369127.153 Z=2401.560,X=0.520 Y=-0.772 Z=0.365,X=0.000 Y=0.000 Z=0.000,1.0,X=422108.121 Y=367875.179 Z=3350.484,
2023.10.14-15.49.02.672,X=421305.417 Y=369127.386 Z=2401.589,X=0.538 Y=-0.729 Z=0.423,X=0.000 Y=0.000 Z=0.000,1.0,X=422217.767 Y=367820.850 Z=3117.604,
2023.10.14-15.49.02.723,X=421305.408 Y=369127.429 Z=2401.592,X=0.545 Y=-0.721 Z=0.428,X=0.000 Y=0.000 Z=0.000,1.0,X=422236.614 Y=367824.367 Z=3132.679,
2023.10.14-15.49.02.776,X=421305.401 Y=369127.499 Z=2401.596,X=0.551 Y=-0.718 Z=0.427,X=0.000 Y=0.000 Z=0.000,1.0,X=422250.490 Y=367824.635 Z=3133.832,
2023.10.14-15.49.02.832,X=421305.390 Y=369127.568 Z=2401.600,X=0.552 Y=-0.717 Z=0.425,X=0.000 Y=0.000 Z=0.000,1.0,X=422254.435 Y=367824.408 Z=3132.856,
2023.10.14-15.49.02.891,X=421305.370 Y=369127.631 Z=2401.600,X=0.556 Y=-0.714 Z=0.426,X=0.000 Y=0.000 Z=0.000,1.0,X=422263.811 Y=367825.111 Z=3135.870,
2023.10.14-15.49.02.942,X=421305.359 Y=369127.674 Z=2401.599,X=0.561 Y=-0.712 Z=0.423,X=0.000 Y=0.000 Z=0.000,1.0,X=422275.507 Y=367824.660 Z=3133.938,
2023.10.14-15.49.02.990,X=421305.346 Y=369127.727 Z=2401.604,X=0.562 Y=-0.710 Z=0.424,X=0.000 Y=0.000 Z=0.000,1.0,X=422280.331 Y=367825.355 Z=3136.918,
2023.10.14-15.49.03.040,X=421305.328 Y=369127.787 Z=2401.611,X=0.563 Y=-0.709 Z=0.425,X=0.000 Y=0.000 Z=0.000,1.0,X=422282.937 Y=367826.098 Z=3140.102,
2023.10.14-15.49.03.092,X=421305.322 Y=369127.883 Z=2401.652,X=0.565 Y=-0.705 Z=0.428,X=0.000 Y=0.000 Z=0.000,1.0,X=422290.135 Y=367827.568 Z=3146.400,
2023.10.14-15.49.03.145,X=421305.291 Y=369127.944 Z=2401.651,X=0.567 Y=-0.703 Z=0.430,X=0.000 Y=0.000 Z=0.000,1.0,X=422295.768 Y=367828.998 Z=3152.531,
2023.10.14-15.49.03.199,X=421305.254 Y=369128.013 Z=2401.657,X=0.567 Y=-0.702 Z=0.431,X=0.000 Y=0.000 Z=0.000,1.0,X=422296.338 Y=367829.413 Z=3154.309,
2023.10.14-15.49.03.241,X=421305.229 Y=369128.073 Z=2401.658,X=0.568 Y=-0.700 Z=0.432,X=0.000 Y=0.000 Z=0.000,1.0,X=422300.435 Y=367830.099 Z=3157.249,
2023.10.14-15.49.03.294,X=421305.185 Y=369128.134 Z=2401.657,X=0.569 Y=-0.699 Z=0.433,X=0.000 Y=0.000 Z=0.000,1.0,X=422303.357 Y=367830.819 Z=3160.337,
2023.10.14-15.49.03.344,X=421305.148 Y=369128.190 Z=2401.672,X=0.570 Y=-0.699 Z=0.433,X=0.000 Y=0.000 Z=0.000,1.0,X=422303.096 Y=367832.088 Z=3159.587,
2023.10.14-15.49.03.393,X=421305.104 Y=369128.243 Z=2401.674,X=0.569 Y=-0.699 Z=0.432,X=0.000 Y=0.000 Z=0.000,1.0,X=422303.476 Y=367830.373 Z=3158.428,
2023.10.14-15.49.03.449,X=421305.071 Y=369128.285 Z=2401.672,X=0.570 Y=-0.699 Z=0.431,X=0.000 Y=0.000 Z=0.000,1.0,X=422305.737 Y=367830.203 Z=3157.696,
2023.10.14-15.49.03.505,X=421305.029 Y=369128.367 Z=2401.657,X=0.572 Y=-0.699 Z=0.429,X=0.000 Y=0.000 Z=0.000,1.0,X=422309.068 Y=367829.594 Z=3155.087,
2023.10.14-15.49.03.561,X=421304.998 Y=369128.447 Z=2401.660,X=0.574 Y=-0.697 Z=0.430,X=0.000 Y=0.000 Z=0.000,1.0,X=422314.317 Y=367830.076 Z=3157.154,
2023.10.14-15.49.03.617,X=421304.968 Y=369128.528 Z=2401.632,X=0.575 Y=-0.695 Z=0.431,X=0.000 Y=0.000 Z=0.000,1.0,X=422319.734 Y=367830.987 Z=3161.059,
2023.10.14-15.49.03.670,X=421304.917 Y=369128.620 Z=2401.637,X=0.578 Y=-0.690 Z=0.435,X=0.000 Y=0.000 Z=0.000,1.0,X=422329.550 Y=367833.504 Z=3171.847,
2023.10.14-15.49.03.724,X=421304.878 Y=369128.691 Z=2401.623,X=0.579 Y=-0.690 Z=0.435,X=0.000 Y=0.000 Z=0.000,1.0,X=422331.870 Y=367833.702 Z=3172.697,
2023.10.14-15.49.03.777,X=421304.854 Y=369128.770 Z=2401.621,X=0.582 Y=-0.687 Z=0.435,X=0.000 Y=0.000 Z=0.000,1.0,X=422339.666 Y=367834.265 Z=3175.109,
2023.10.14-15.49.03.834,X=421304.814 Y=369128.841 Z=2401.619,X=0.585 Y=-0.684 Z=0.436,X=0.000 Y=0.000 Z=0.000,1.0,X=422348.984 Y=367835.371 Z=3179.851,
2023.10.14-15.49.03.882,X=421304.768 Y=369128.908 Z=2401.611,X=0.584 Y=-0.684 Z=0.438,X=0.000 Y=0.000 Z=0.000,1.0,X=422347.753 Y=367836.072 Z=3182.854,
2023.10.14-15.49.03.937,X=421304.730 Y=369128.969 Z=2401.613,X=0.583 Y=-0.685 Z=0.438,X=0.000 Y=0.000 Z=0.000,1.0,X=422344.668 Y=367835.875 Z=3182.012,
2023.10.14-15.49.03.995,X=421304.711 Y=369129.038 Z=2401.596,X=0.583 Y=-0.686 Z=0.436,X=0.000 Y=0.000 Z=0.000,1.0,X=422343.423 Y=367834.796 Z=3177.385,
2023.10.14-15.49.04.044,X=421304.692 Y=369129.100 Z=2401.592,X=0.568 Y=-0.695 Z=0.440,X=0.000 Y=0.000 Z=0.000,1.0,X=422304.502 Y=367834.367 Z=3175.544,
2023.10.14-15.49.04.099,X=421304.668 Y=369129.157 Z=2401.608,X=0.563 Y=-0.697 Z=0.444,X=0.000 Y=0.000 Z=0.000,1.0,X=422290.824 Y=367835.449 Z=3180.182,
2023.10.14-15.49.04.155,X=421304.657 Y=369129.189 Z=2401.606,X=0.559 Y=-0.700 Z=0.445,X=0.000 Y=0.000 Z=0.000,1.0,X=422281.009 Y=367834.974 Z=3178.150,
2023.10.14-15.49.04.211,X=421304.643 Y=369129.220 Z=2401.602,X=0.555 Y=-0.702 Z=0.446,X=0.000 Y=0.000 Z=0.000,1.0,X=422271.660 Y=367834.896 Z=3177.814,
2023.10.14-15.49.04.265,X=421304.652 Y=369129.250 Z=2401.603,X=0.554 Y=-0.703 Z=0.446,X=0.000 Y=0.000 Z=0.000,1.0,X=422268.234 Y=367834.693 Z=3176.944,
2023.10.14-15.49.04.315,X=421304.655 Y=369129.299 Z=2401.626,X=0.556 Y=-0.701 Z=0.447,X=0.000 Y=0.000 Z=0.000,1.0,X=422272.790 Y=367835.557 Z=3180.646,
2023.10.14-15.49.04.364,X=421304.660 Y=369129.356 Z=2401.619,X=0.558 Y=-0.698 Z=0.449,X=0.000 Y=0.000 Z=0.000,1.0,X=422280.125 Y=367837.069 Z=3187.126,
2023.10.14-15.49.04.420,X=421304.659 Y=369129.428 Z=2401.621,X=0.560 Y=-0.694 Z=0.452,X=0.000 Y=0.000 Z=0.000,1.0,X=422287.221 Y=367838.975 Z=3195.298,
2023.10.14-15.49.04.477,X=421304.649 Y=369129.480 Z=2401.622,X=0.539 Y=-0.705 Z=0.460,X=0.000 Y=0.000 Z=0.000,1.0,X=422236.158 Y=367839.058 Z=3195.652,
2023.10.14-15.49.04.531,X=421304.629 Y=369129.509 Z=2401.622,X=0.525 Y=-0.710 Z=0.470,X=0.000 Y=0.000 Z=0.000,1.0,X=422203.539 Y=367841.544 Z=3206.311,
2023.10.14-15.49.04.581,X=421304.589 Y=369129.516 Z=2401.632,X=0.484 Y=-0.733 Z=0.478,X=0.000 Y=0.000 Z=0.000,1.0,X=422108.391 Y=367838.894 Z=3194.952,
2023.10.14-15.49.04.631,X=421304.541 Y=369129.521 Z=2401.633,X=0.428 Y=-0.761 Z=0.489,X=0.000 Y=0.000 Z=0.000,1.0,X=421990.775 Y=367836.603 Z=3185.130,
2023.10.14-15.49.04.675,X=421304.496 Y=369129.523 Z=2401.636,X=0.402 Y=-0.770 Z=0.496,X=0.000 Y=0.000 Z=0.000,1.0,X=421941.699 Y=367836.980 Z=3186.745,
2023.10.14-15.49.04.731,X=421304.445 Y=369129.528 Z=2401.646,X=0.391 Y=-0.772 Z=0.502,X=0.000 Y=0.000 Z=0.000,1.0,X=421921.409 Y=367838.661 Z=3193.950,
2023.10.14-15.49.04.787,X=421304.384 Y=369129.527 Z=2401.658,X=0.384 Y=-0.774 Z=0.504,X=0.000 Y=0.000 Z=0.000,1.0,X=421910.103 Y=367838.859 Z=3194.800,
2023.10.14-15.49.04.837,X=421304.342 Y=369129.528 Z=2401.659,X=0.380 Y=-0.774 Z=0.506,X=0.000 Y=0.000 Z=0.000,1.0,X=421902.728 Y=367839.225 Z=3196.371,
2023.10.14-15.49.04.890,X=421304.306 Y=369129.522 Z=2401.671,X=0.372 Y=-0.777 Z=0.508,X=0.000 Y=0.000 Z=0.000,1.0,X=421887.307 Y=367839.552 Z=3197.771,
2023.10.14-15.49.04.945,X=421304.281 Y=369129.499 Z=2401.673,X=0.365 Y=-0.779 Z=0.511,X=0.000 Y=0.000 Z=0.000,1.0,X=421874.970 Y=367839.957 Z=3199.507,
2023.10.14-15.49.04.990,X=421304.248 Y=369129.470 Z=2401.677,X=0.360 Y=-0.780 Z=0.513,X=0.000 Y=0.000 Z=0.000,1.0,X=421866.111 Y=367840.344 Z=3201.164,
2023.10.14-15.49.05.043,X=421304.237 Y=369129.444 Z=2401.679,X=0.356 Y=-0.781 Z=0.513,X=0.000 Y=0.000 Z=0.000,1.0,X=421859.647 Y=367840.242 Z=3200.729,
2023.10.14-15.49.05.099,X=421304.167 Y=369129.384 Z=2401.655,X=0.355 Y=-0.782 Z=0.512,X=0.000 Y=0.000 Z=0.000,1.0,X=421856.623 Y=367839.760 Z=3198.661,
2023.10.14-15.49.05.154,X=421304.171 Y=369129.346 Z=2401.658,X=0.353 Y=-0.784 Z=0.511,X=0.000 Y=0.000 Z=0.000,1.0,X=421852.649 Y=367838.876 Z=3194.873,
2023.10.14-15.49.05.206,X=421304.170 Y=369129.301 Z=2401.664,X=0.352 Y=-0.784 Z=0.511,X=0.000 Y=0.000 Z=0.000,1.0,X=421850.753 Y=367838.786 Z=3194.490,
2023.10.14-15.49.05.253,X=421304.172 Y=369129.245 Z=2401.659,X=0.350 Y=-0.786 Z=0.510,X=0.000 Y=0.000 Z=0.000,1.0,X=421846.523 Y=367838.198 Z=3191.965,
2023.10.14-15.49.05.310,X=421304.169 Y=369129.188 Z=2401.670,X=0.347 Y=-0.788 Z=0.509,X=0.000 Y=0.000 Z=0.000,1.0,X=421842.472 Y=367837.627 Z=3189.521,
2023.10.14-15.49.05.365,X=421304.168 Y=369129.118 Z=2401.655,X=0.347 Y=-0.788 Z=0.509,X=0.000 Y=0.000 Z=0.000,1.0,X=421841.566 Y=367838.474 Z=3188.615,
2023.10.14-15.49.05.414,X=421304.164 Y=369129.069 Z=2401.663,X=0.349 Y=-0.787 Z=0.509,X=0.000 Y=0.000 Z=0.000,1.0,X=421845.017 Y=367837.941 Z=3190.866,
2023.10.14-15.49.05.470,X=421304.163 Y=369128.995 Z=2401.657,X=0.349 Y=-0.788 Z=0.507,X=0.000 Y=0.000 Z=0.000,1.0,X=421845.331 Y=367836.984 Z=3186.764,
2023.10.14-15.49.05.526,X=421304.153 Y=369128.924 Z=2401.662,X=0.348 Y=-0.787 Z=0.509,X=0.000 Y=0.000 Z=0.000,1.0,X=421843.868 Y=367837.729 Z=3189.958,
2023.10.14-15.49.05.585,X=421304.079 Y=369128.823 Z=2401.694,X=0.345 Y=-0.788 Z=0.510,X=0.000 Y=0.000 Z=0.000,1.0,X=421838.433 Y=367837.910 Z=3190.731,
2023.10.14-15.49.05.639,X=421304.083 Y=369128.747 Z=2401.690,X=0.343 Y=-0.788 Z=0.511,X=0.000 Y=0.000 Z=0.000,1.0,X=421834.499 Y=367838.141 Z=3191.724,
2023.10.14-15.49.05.693,X=421304.104 Y=369128.670 Z=2401.690,X=0.343 Y=-0.789 Z=0.509,X=0.000 Y=0.000 Z=0.000,1.0,X=421834.069 Y=367837.392 Z=3188.511,
2023.10.14-15.49.05.746,X=421304.111 Y=369128.597 Z=2401.663,X=0.344 Y=-0.789 Z=0.509,X=0.000 Y=0.000 Z=0.000,1.0,X=421836.827 Y=367837.287 Z=3188.063,
2023.10.14-15.49.05.802,X=421304.113 Y=369128.542 Z=2401.645,X=0.346 Y=-0.788 Z=0.509,X=0.000 Y=0.000 Z=0.000,1.0,X=421839.485 Y=367837.396 Z=3188.528,
2023.10.14-15.49.05.858,X=421304.117 Y=369128.495 Z=2401.630,X=0.346 Y=-0.787 Z=0.511,X=0.000 Y=0.000 Z=0.000,1.0,X=421839.869 Y=367838.141 Z=3191.722,
2023.10.14-15.49.05.908,X=421304.113 Y=369128.470 Z=2401.629,X=0.450 Y=-0.740 Z=0.501,X=0.000 Y=0.000 Z=0.000,1.0,X=422041.619 Y=367845.161 Z=3221.816,
2023.10.14-15.49.05.966,X=421304.111 Y=369128.438 Z=2401.619,X=0.466 Y=-0.693 Z=0.549,X=0.000 Y=0.000 Z=0.000,1.0,X=422100.964 Y=367872.622 Z=3339.526,
2023.10.14-15.49.06.022,X=421304.119 Y=369128.390 Z=2401.593,X=0.468 Y=-0.695 Z=0.545,X=0.000 Y=0.000 Z=0.000,1.0,X=422103.812 Y=367870.714 Z=3331.346,
2023.10.14-15.49.06.078,X=421304.161 Y=369128.289 Z=2401.492,X=0.611 Y=-0.754 Z=0.242,X=0.000 Y=0.000 Z=0.000,1.0,X=422103.812 Y=367870.714 Z=3331.346,
2023.10.14-15.49.06.135,X=421304.257 Y=369128.147 Z=2401.351,X=0.566 Y=-0.823 Z=0.053,X=0.000 Y=0.000 Z=0.000,1.0,X=422103.812 Y=367870.714 Z=3331.346,
2023.10.14-15.49.06.191,X=421304.389 Y=369127.956 Z=2401.141,X=0.575 Y=-0.817 Z=0.048,X=0.000 Y=0.000 Z=0.000,1.0,X=422103.812 Y=367870.714 Z=3331.346,
2023.10.14-15.49.06.249,X=421304.652 Y=369127.642 Z=2400.792,X=0.591 Y=-0.806 Z=0.024,X=0.000 Y=0.000 Z=0.000,1.0,X=422103.812 Y=367870.714 Z=3331.346,
2023.10.14-15.49.06.306,X=421305.049 Y=369127.307 Z=2400.388,X=0.538 Y=-0.731 Z=0.420,X=0.000 Y=0.000 Z=0.000,1.0,X=422216.089 Y=367819.458 Z=3111.637,

